Time:1644444707	n=3	avg=1073.67	stddev=74.97	bps=257680.00
Time:1644444707	n=3	avg=1217.00	stddev=116.01	bps=292080.00
Time:1644444707	n=2	avg=1133.00	stddev=40.00	bps=181280.00
Time:1644444707	n=4	avg=1148.25	stddev=311.18	bps=367440.00
Time:1644444708	n=2	avg=739.50	stddev=688.50	bps=118320.00
Time:1644444708	n=3	avg=1340.00	stddev=99.03	bps=321600.00
Time:1644444708	n=8	avg=1194.12	stddev=325.26	bps=764240.00
Time:1644444708	n=3	avg=883.00	stddev=587.74	bps=211920.00
Time:1644444708	n=7	avg=883.43	stddev=631.45	bps=494720.00
Time:1644444708	n=3	avg=959.33	stddev=639.60	bps=230240.00
Time:1644444708	n=4	avg=1064.25	stddev=504.51	bps=340560.00
Time:1644444708	n=3	avg=1154.67	stddev=351.79	bps=277120.00
Time:1644444708	n=3	avg=1269.33	stddev=137.74	bps=304640.00
Time:1644444708	n=3	avg=1134.33	stddev=72.89	bps=272240.00
Time:1644444709	n=2	avg=1129.00	stddev=75.00	bps=180640.00
Time:1644444709	n=6	avg=1227.17	stddev=264.96	bps=589040.00
Time:1644444709	n=2	avg=975.50	stddev=62.50	bps=156080.00
Time:1644444709	n=3	avg=1115.33	stddev=221.38	bps=267680.00
Time:1644444709	n=7	avg=1183.00	stddev=304.92	bps=662480.00
Time:1644444709	n=2	avg=1077.50	stddev=28.50	bps=172400.00
Time:1644444709	n=4	avg=1125.00	stddev=394.98	bps=360000.00
Time:1644444709	n=3	avg=1359.67	stddev=53.28	bps=326320.00
Time:1644444709	n=2	avg=968.50	stddev=57.50	bps=154960.00
Time:1644444709	n=3	avg=1236.33	stddev=263.32	bps=296720.00
Time:1644444710	n=3	avg=955.00	stddev=122.08	bps=229200.00
Time:1644444710	n=2	avg=1022.50	stddev=78.50	bps=163600.00
Time:1644444710	n=3	avg=992.67	stddev=33.00	bps=238240.00
Time:1644444710	n=4	avg=1128.00	stddev=220.40	bps=360960.00
Time:1644444710	n=2	avg=1086.00	stddev=137.00	bps=173760.00
Time:1644444710	n=5	avg=1233.40	stddev=170.08	bps=493360.00
Time:1644444710	n=6	avg=1054.00	stddev=547.06	bps=505920.00
Time:1644444710	n=5	avg=894.20	stddev=541.63	bps=357680.00
Time:1644444710	n=4	avg=888.75	stddev=545.94	bps=284400.00
Time:1644444710	n=3	avg=1203.00	stddev=120.56	bps=288720.00
Time:1644444711	n=3	avg=920.00	stddev=600.26	bps=220800.00
Time:1644444711	n=7	avg=1193.14	stddev=402.62	bps=668160.00
Time:1644444711	n=2	avg=1168.50	stddev=63.50	bps=186960.00
Time:1644444711	n=2	avg=1000.50	stddev=7.50	bps=160080.00
Time:1644444711	n=3	avg=1224.67	stddev=94.62	bps=293920.00
Time:1644444711	n=4	avg=963.50	stddev=553.17	bps=308320.00
Time:1644444711	n=2	avg=1264.00	stddev=91.00	bps=202240.00
Time:1644444711	n=3	avg=1299.67	stddev=137.49	bps=311920.00
Time:1644444711	n=7	avg=1236.14	stddev=298.83	bps=692240.00
Time:1644444711	n=5	avg=925.60	stddev=593.30	bps=370240.00
Time:1644444712	n=3	avg=1279.00	stddev=108.45	bps=306960.00
Time:1644444712	n=3	avg=1153.00	stddev=119.24	bps=276720.00
Time:1644444712	n=2	avg=1103.50	stddev=107.50	bps=176560.00
Time:1644444712	n=4	avg=1238.50	stddev=130.01	bps=396320.00
Time:1644444712	n=1	avg=1096.00	stddev=0.00	bps=87680.00
Time:1644444712	n=4	avg=1212.75	stddev=83.99	bps=388080.00
Time:1644444712	n=1	avg=1153.00	stddev=0.00	bps=92240.00
Time:1644444712	n=5	avg=1116.40	stddev=209.49	bps=446560.00
Time:1644444712	n=2	avg=1123.50	stddev=110.50	bps=179760.00
Time:1644444712	n=2	avg=1069.00	stddev=45.00	bps=171040.00
Time:1644444713	n=8	avg=1234.00	stddev=295.73	bps=789760.00
Time:1644444713	n=5	avg=872.40	stddev=545.01	bps=348960.00
Time:1644444713	n=4	avg=1367.25	stddev=105.22	bps=437520.00
Time:1644444713	n=5	avg=794.40	stddev=393.09	bps=317760.00
Time:1644444713	n=2	avg=960.50	stddev=34.50	bps=153680.00
Time:1644444713	n=2	avg=813.00	stddev=207.00	bps=130080.00
Time:1644444713	n=3	avg=1077.33	stddev=40.94	bps=258560.00
Time:1644444713	n=3	avg=1031.33	stddev=60.73	bps=247520.00
Time:1644444713	n=2	avg=1191.00	stddev=81.00	bps=190560.00
Time:1644444713	n=6	avg=1258.33	stddev=223.32	bps=604000.00
Time:1644444714	n=2	avg=1056.00	stddev=164.00	bps=168960.00
Time:1644444714	n=4	avg=1230.25	stddev=211.35	bps=393680.00
Time:1644444714	n=6	avg=1138.17	stddev=322.17	bps=546320.00
Time:1644444714	n=0	avg=0.00	stddev=0.00	bps=0.00
Time:1644444714	n=6	avg=893.83	stddev=507.99	bps=429040.00
Time:1644444714	n=4	avg=1058.50	stddev=348.09	bps=338720.00
Time:1644444714	n=2	avg=1026.50	stddev=25.50	bps=164240.00
Time:1644444714	n=3	avg=1215.33	stddev=155.40	bps=291680.00
Time:1644444714	n=3	avg=1065.00	stddev=118.49	bps=255600.00
Time:1644444714	n=3	avg=1046.00	stddev=74.53	bps=251040.00
Time:1644444715	n=0	avg=0.00	stddev=0.00	bps=0.00
Time:1644444715	n=3	avg=1074.00	stddev=44.29	bps=257760.00
Time:1644444715	n=5	avg=1093.00	stddev=206.76	bps=437200.00
Time:1644444715	n=4	avg=1201.00	stddev=228.35	bps=384320.00
Time:1644444715	n=6	avg=1175.50	stddev=313.61	bps=564240.00
Time:1644444715	n=4	avg=1067.25	stddev=460.63	bps=341520.00
Time:1644444715	n=4	avg=1033.50	stddev=547.55	bps=330720.00
Time:1644444715	n=1	avg=1250.00	stddev=0.00	bps=100000.00
Time:1644444715	n=4	avg=1108.25	stddev=94.39	bps=354640.00
Time:1644444715	n=2	avg=1079.00	stddev=15.00	bps=172640.00
Time:1644444716	n=4	avg=1133.75	stddev=176.00	bps=362800.00
Time:1644444716	n=2	avg=1147.00	stddev=13.00	bps=183520.00
Time:1644444716	n=3	avg=1063.33	stddev=126.10	bps=255200.00
Time:1644444716	n=3	avg=1114.33	stddev=235.65	bps=267440.00
Time:1644444716	n=3	avg=1024.67	stddev=21.85	bps=245920.00
Time:1644444716	n=4	avg=1195.00	stddev=233.67	bps=382400.00
Time:1644444716	n=7	avg=1033.71	stddev=520.90	bps=578880.00
Time:1644444716	n=0	avg=0.00	stddev=0.00	bps=0.00
Time:1644444716	n=9	avg=848.67	stddev=624.90	bps=611040.00
Time:1644444716	n=3	avg=1144.00	stddev=127.49	bps=274560.00
Time:1644444717	n=2	avg=1235.50	stddev=78.50	bps=197680.00
Time:1644444717	n=4	avg=1218.00	stddev=207.78	bps=389760.00
Time:1644444717	n=2	avg=975.00	stddev=69.00	bps=156000.00
Time:1644444717	n=3	avg=1119.00	stddev=80.33	bps=268560.00
Time:1644444717	n=2	avg=1241.50	stddev=15.50	bps=198640.00
Time:1644444717	n=4	avg=1271.00	stddev=152.96	bps=406720.00
Time:1644444717	n=2	avg=1333.50	stddev=84.50	bps=213360.00
Time:1644444717	n=4	avg=1327.00	stddev=101.48	bps=424640.00
Time:1644444717	n=6	avg=1186.67	stddev=323.43	bps=569600.00
Time:1644444717	n=3	avg=1402.00	stddev=33.30	bps=336480.00
Time:1644444718	n=5	avg=815.00	stddev=540.00	bps=326000.00
Time:1644444718	n=3	avg=1179.33	stddev=82.97	bps=283040.00
Time:1644444718	n=2	avg=1126.00	stddev=48.00	bps=180160.00
Time:1644444718	n=5	avg=1292.80	stddev=183.22	bps=517120.00
Time:1644444718	n=3	avg=1111.00	stddev=81.55	bps=266640.00
Time:1644444718	n=4	avg=974.00	stddev=514.95	bps=311680.00
Time:1644444718	n=2	avg=1217.00	stddev=1.00	bps=194720.00
Time:1644444718	n=3	avg=1216.67	stddev=104.49	bps=292000.00
Time:1644444718	n=2	avg=1039.00	stddev=84.00	bps=166240.00
Time:1644444718	n=3	avg=1143.67	stddev=220.37	bps=274480.00
Time:1644444719	n=7	avg=1194.14	stddev=350.58	bps=668720.00
Time:1644444719	n=4	avg=1034.25	stddev=550.10	bps=330960.00
Time:1644444719	n=3	avg=1196.67	stddev=170.07	bps=287200.00
Time:1644444719	n=3	avg=996.67	stddev=98.44	bps=239200.00
Time:1644444719	n=2	avg=1247.50	stddev=15.50	bps=199600.00
Time:1644444719	n=3	avg=1122.33	stddev=227.64	bps=269360.00
Time:1644444719	n=2	avg=1084.00	stddev=112.00	bps=173440.00
Time:1644444719	n=1	avg=1250.00	stddev=0.00	bps=100000.00
Time:1644444719	n=5	avg=1034.60	stddev=99.99	bps=413840.00
Time:1644444719	n=6	avg=1234.33	stddev=219.56	bps=592480.00
Time:1644444720	n=1	avg=991.00	stddev=0.00	bps=79280.00
Time:1644444720	n=4	avg=1006.00	stddev=244.12	bps=321920.00
Time:1644444720	n=7	avg=1134.00	stddev=361.80	bps=635040.00
Time:1644444720	n=5	avg=878.60	stddev=550.85	bps=351440.00
Time:1644444720	n=4	avg=765.50	stddev=662.57	bps=244960.00
Time:1644444720	n=5	avg=887.00	stddev=600.33	bps=354800.00
Time:1644444720	n=2	avg=1336.50	stddev=77.50	bps=213840.00
Time:1644444720	n=5	avg=1063.20	stddev=497.56	bps=425280.00
Time:1644444720	n=2	avg=969.50	stddev=99.50	bps=155120.00
Time:1644444720	n=3	avg=1077.00	stddev=59.44	bps=258480.00
Time:1644444721	n=2	avg=1257.50	stddev=5.50	bps=201200.00
Time:1644444721	n=4	avg=1077.75	stddev=243.20	bps=344880.00
Time:1644444721	n=3	avg=807.67	stddev=551.05	bps=193840.00
Time:1644444721	n=2	avg=1238.00	stddev=34.00	bps=198080.00
Time:1644444721	n=5	avg=1343.80	stddev=168.40	bps=537520.00
Time:1644444721	n=3	avg=1149.00	stddev=394.57	bps=275760.00
Time:1644444721	n=8	avg=814.50	stddev=530.77	bps=521280.00
Time:1644444721	n=5	avg=853.20	stddev=625.72	bps=341280.00
Time:1644444721	n=2	avg=1189.00	stddev=74.00	bps=190240.00
Time:1644444721	n=1	avg=1003.00	stddev=0.00	bps=80240.00
Time:1644444722	n=6	avg=1272.17	stddev=217.74	bps=610640.00
Time:1644444722	n=3	avg=987.67	stddev=82.31	bps=237040.00
Time:1644444722	n=3	avg=1015.00	stddev=103.24	bps=243600.00
Time:1644444722	n=1	avg=1084.00	stddev=0.00	bps=86720.00
Time:1644444722	n=2	avg=1136.00	stddev=191.00	bps=181760.00
Time:1644444722	n=5	avg=998.60	stddev=230.04	bps=399440.00
Time:1644444722	n=3	avg=1278.33	stddev=211.66	bps=306800.00
Time:1644444722	n=10	avg=969.40	stddev=566.98	bps=775520.00
Time:1644444722	n=3	avg=1240.00	stddev=159.98	bps=297600.00
Time:1644444722	n=3	avg=1070.33	stddev=68.12	bps=256880.00
Time:1644444723	n=2	avg=1090.00	stddev=51.00	bps=174400.00
Time:1644444723	n=4	avg=989.50	stddev=276.89	bps=316640.00
Time:1644444723	n=2	avg=1215.50	stddev=86.50	bps=194480.00
Time:1644444723	n=3	avg=1114.33	stddev=93.97	bps=267440.00
Time:1644444723	n=3	avg=915.00	stddev=594.91	bps=219600.00
Time:1644444723	n=7	avg=1133.71	stddev=467.43	bps=634880.00
Time:1644444723	n=2	avg=1242.50	stddev=7.50	bps=198800.00
Time:1644444723	n=5	avg=1279.20	stddev=163.26	bps=511680.00
Time:1644444723	n=5	avg=1158.00	stddev=334.72	bps=463200.00
Time:1644444723	n=2	avg=1374.00	stddev=5.00	bps=219840.00
Time:1644444724	n=4	avg=996.00	stddev=458.86	bps=318720.00
Time:1644444724	n=5	avg=1122.80	stddev=385.96	bps=449120.00
Time:1644444724	n=5	avg=673.60	stddev=616.23	bps=269440.00
Time:1644444724	n=8	avg=1069.25	stddev=498.16	bps=684320.00
Time:1644444724	n=2	avg=972.50	stddev=236.50	bps=155600.00
Time:1644444724	n=4	avg=999.50	stddev=527.44	bps=319840.00
Time:1644444724	n=2	avg=1110.50	stddev=82.50	bps=177680.00
Time:1644444724	n=3	avg=1059.67	stddev=30.39	bps=254320.00
Time:1644444724	n=2	avg=1149.00	stddev=29.00	bps=183840.00
Time:1644444724	n=4	avg=1283.00	stddev=145.17	bps=410560.00
Time:1644444725	n=5	avg=1157.00	stddev=365.63	bps=462800.00
Time:1644444725	n=5	avg=863.00	stddev=585.64	bps=345200.00
Time:1644444725	n=5	avg=766.20	stddev=569.00	bps=306480.00
Time:1644444725	n=2	avg=1299.50	stddev=117.50	bps=207920.00
Time:1644444725	n=3	avg=939.00	stddev=531.58	bps=225360.00
Time:1644444725	n=5	avg=1417.80	stddev=18.00	bps=567120.00
Time:1644444725	n=5	avg=957.40	stddev=407.23	bps=382960.00
Time:1644444725	n=0	avg=0.00	stddev=0.00	bps=0.00
Time:1644444725	n=5	avg=1018.00	stddev=60.46	bps=407200.00
Time:1644444725	n=2	avg=1054.50	stddev=79.50	bps=168720.00
Time:1644444726	n=3	avg=1267.33	stddev=61.30	bps=304160.00
Time:1644444726	n=3	avg=901.33	stddev=530.66	bps=216320.00
Time:1644444726	n=9	avg=1135.11	stddev=461.88	bps=817280.00
Time:1644444726	n=3	avg=1098.33	stddev=421.09	bps=263600.00
Time:1644444726	n=5	avg=1120.00	stddev=373.31	bps=448000.00
Time:1644444726	n=5	avg=1234.80	stddev=300.16	bps=493920.00
Time:1644444726	n=5	avg=1042.00	stddev=366.82	bps=416800.00
Time:1644444726	n=4	avg=1274.75	stddev=265.44	bps=407920.00
Time:1644444726	n=8	avg=903.25	stddev=564.78	bps=578080.00
Time:1644444726	n=4	avg=877.50	stddev=550.51	bps=280800.00
Time:1644444727	n=6	avg=919.67	stddev=533.05	bps=441440.00
Time:1644444727	n=6	avg=844.83	stddev=587.26	bps=405520.00
Time:1644444727	n=4	avg=917.75	stddev=543.94	bps=293680.00
Time:1644444727	n=4	avg=1293.75	stddev=161.71	bps=414000.00
Time:1644444727	n=7	avg=1119.00	stddev=453.63	bps=626640.00
Time:1644444727	n=6	avg=781.00	stddev=651.88	bps=374880.00
Time:1644444727	n=3	avg=985.00	stddev=613.11	bps=236400.00
Time:1644444727	n=6	avg=987.67	stddev=523.43	bps=474080.00
Time:1644444727	n=3	avg=1048.67	stddev=533.63	bps=251680.00
Time:1644444727	n=0	avg=0.00	stddev=0.00	bps=0.00
Time:1644444728	n=10	avg=985.60	stddev=523.63	bps=788480.00
Time:1644444728	n=2	avg=815.00	stddev=613.00	bps=130400.00
Time:1644444728	n=8	avg=909.75	stddev=546.27	bps=582240.00
Time:1644444728	n=4	avg=976.75	stddev=536.16	bps=312560.00
Time:1644444728	n=4	avg=1220.50	stddev=212.00	bps=390560.00
Time:1644444728	n=5	avg=1165.40	stddev=355.23	bps=466160.00
Time:1644444728	n=7	avg=1210.43	stddev=303.87	bps=677840.00
Time:1644444728	n=4	avg=1085.25	stddev=570.16	bps=347280.00
Time:1644444728	n=4	avg=908.75	stddev=522.76	bps=290800.00
Time:1644444728	n=2	avg=842.50	stddev=585.50	bps=134800.00
Time:1644444729	n=7	avg=914.14	stddev=466.25	bps=511920.00
Time:1644444729	n=8	avg=982.75	stddev=576.28	bps=628960.00
Time:1644444729	n=2	avg=1195.50	stddev=26.50	bps=191280.00
Time:1644444729	n=5	avg=949.40	stddev=557.73	bps=379760.00
Time:1644444729	n=3	avg=1042.00	stddev=409.57	bps=250080.00
Time:1644444729	n=4	avg=974.00	stddev=473.86	bps=311680.00
Time:1644444729	n=6	avg=989.67	stddev=441.97	bps=475040.00
Time:1644444729	n=3	avg=1273.00	stddev=219.20	bps=305520.00
Time:1644444729	n=8	avg=1155.62	stddev=405.62	bps=739600.00
Time:1644444729	n=6	avg=1109.17	stddev=343.17	bps=532400.00
Time:1644444730	n=2	avg=1301.00	stddev=73.00	bps=208160.00
Time:1644444730	n=3	avg=1224.00	stddev=169.93	bps=293760.00
Time:1644444730	n=6	avg=1018.83	stddev=412.18	bps=489040.00
Time:1644444730	n=5	avg=1210.00	stddev=272.60	bps=484000.00
Time:1644444730	n=3	avg=1066.00	stddev=318.93	bps=255840.00
Time:1644444730	n=4	avg=1089.25	stddev=291.10	bps=348560.00
Time:1644444730	n=4	avg=1294.75	stddev=133.36	bps=414320.00
Time:1644444730	n=5	avg=847.00	stddev=557.26	bps=338800.00
Time:1644444730	n=3	avg=1127.67	stddev=386.50	bps=270640.00
Time:1644444730	n=6	avg=1262.83	stddev=335.24	bps=606160.00
Time:1644444731	n=6	avg=976.83	stddev=557.02	bps=468880.00
Time:1644444731	n=5	avg=1021.40	stddev=500.32	bps=408560.00
Time:1644444731	n=3	avg=1074.67	stddev=335.37	bps=257920.00
Time:1644444731	n=5	avg=1018.00	stddev=380.80	bps=407200.00
Time:1644444731	n=0	avg=0.00	stddev=0.00	bps=0.00
Time:1644444731	n=8	avg=1063.00	stddev=473.52	bps=680320.00
Time:1644444731	n=4	avg=876.00	stddev=519.67	bps=280320.00
Time:1644444731	n=5	avg=969.60	stddev=456.21	bps=387840.00
Time:1644444731	n=4	avg=952.00	stddev=551.18	bps=304640.00
Time:1644444731	n=6	avg=942.17	stddev=493.20	bps=452240.00
Time:1644444732	n=4	avg=1145.00	stddev=490.17	bps=366400.00
Time:1644444732	n=5	avg=1014.60	stddev=507.61	bps=405840.00
Time:1644444732	n=9	avg=1087.33	stddev=483.02	bps=782880.00
Time:1644444732	n=5	avg=894.20	stddev=630.12	bps=357680.00
Time:1644444732	n=4	avg=974.25	stddev=542.88	bps=311760.00
Time:1644444732	n=3	avg=991.67	stddev=336.18	bps=238000.00
Time:1644444732	n=4	avg=1158.25	stddev=333.42	bps=370640.00
Time:1644444732	n=6	avg=1165.33	stddev=310.61	bps=559360.00
Time:1644444732	n=2	avg=1195.00	stddev=128.00	bps=191200.00
Time:1644444732	n=2	avg=836.50	stddev=591.50	bps=133840.00
Time:1644444733	n=6	avg=1048.83	stddev=479.87	bps=503440.00
Time:1644444733	n=4	avg=916.00	stddev=520.69	bps=293120.00
Time:1644444733	n=5	avg=1005.60	stddev=500.36	bps=402240.00
Time:1644444733	n=3	avg=1027.00	stddev=557.23	bps=246480.00
Time:1644444733	n=10	avg=1115.90	stddev=496.90	bps=892720.00
Time:1644444733	n=5	avg=943.20	stddev=491.90	bps=377280.00
Time:1644444733	n=3	avg=1119.00	stddev=415.96	bps=268560.00
Time:1644444733	n=4	avg=885.50	stddev=552.91	bps=283360.00
Time:1644444733	n=5	avg=951.20	stddev=584.14	bps=380480.00
Time:1644444733	n=7	avg=878.14	stddev=588.41	bps=491760.00
Time:1644444734	n=2	avg=807.00	stddev=621.00	bps=129120.00
Time:1644444734	n=2	avg=934.00	stddev=494.00	bps=149440.00
Time:1644444734	n=9	avg=914.44	stddev=584.11	bps=658400.00
Time:1644444734	n=5	avg=1225.40	stddev=342.91	bps=490160.00
Time:1644444734	n=4	avg=800.50	stddev=632.93	bps=256160.00
Time:1644444734	n=6	avg=1291.17	stddev=286.74	bps=619760.00
Time:1644444734	n=7	avg=1035.29	stddev=501.50	bps=579760.00
Time:1644444734	n=5	avg=950.20	stddev=542.23	bps=380080.00
Time:1644444734	n=1	avg=1428.00	stddev=0.00	bps=114240.00
Time:1644444734	n=7	avg=839.57	stddev=437.33	bps=470160.00
Time:1644444735	n=3	avg=1057.33	stddev=493.42	bps=253760.00
Time:1644444735	n=6	avg=1089.17	stddev=379.23	bps=522800.00
Time:1644444735	n=2	avg=1297.50	stddev=12.50	bps=207600.00
Time:1644444735	n=5	avg=953.40	stddev=470.88	bps=381360.00
Time:1644444735	n=4	avg=942.25	stddev=550.89	bps=301520.00
Time:1644444735	n=5	avg=932.80	stddev=545.72	bps=373120.00
Time:1644444735	n=0	avg=0.00	stddev=0.00	bps=0.00
Time:1644444735	n=8	avg=1209.38	stddev=291.79	bps=774000.00
Time:1644444735	n=8	avg=1068.50	stddev=518.15	bps=683840.00
Time:1644444735	n=4	avg=1086.00	stddev=392.78	bps=347520.00
Time:1644444736	n=5	avg=1100.80	stddev=400.79	bps=440320.00
Time:1644444736	n=2	avg=1128.50	stddev=267.50	bps=180560.00
Time:1644444736	n=5	avg=1022.80	stddev=485.79	bps=409120.00
Time:1644444736	n=6	avg=1113.17	stddev=334.86	bps=534320.00
Time:1644444736	n=3	avg=879.67	stddev=587.45	bps=211120.00
Time:1644444736	n=4	avg=1006.00	stddev=427.09	bps=321920.00
Time:1644444736	n=6	avg=1000.50	stddev=572.05	bps=480240.00
Time:1644444736	n=4	avg=804.75	stddev=624.67	bps=257520.00
Time:1644444736	n=4	avg=1077.25	stddev=337.33	bps=344720.00
Time:1644444736	n=1	avg=1065.00	stddev=0.00	bps=85200.00
Time:1644444737	n=11	avg=1177.64	stddev=456.61	bps=1036320.00
Time:1644444737	n=7	avg=878.86	stddev=505.97	bps=492160.00
Time:1644444737	n=5	avg=1012.20	stddev=514.83	bps=404880.00
Time:1644444737	n=6	avg=1053.50	stddev=398.26	bps=505680.00
Time:1644444737	n=4	avg=995.50	stddev=488.11	bps=318560.00
Time:1644444737	n=5	avg=1163.40	stddev=338.85	bps=465360.00
Time:1644444737	n=5	avg=1104.20	stddev=372.75	bps=441680.00
Time:1644444737	n=6	avg=1104.33	stddev=325.61	bps=530080.00
Time:1644444737	n=4	avg=1244.00	stddev=312.38	bps=398080.00
Time:1644444737	n=4	avg=1036.50	stddev=395.67	bps=331680.00
Time:1644444738	n=6	avg=936.33	stddev=505.24	bps=449440.00
Time:1644444738	n=4	avg=830.75	stddev=610.74	bps=265840.00
Time:1644444738	n=8	avg=1184.00	stddev=380.57	bps=757760.00
Time:1644444738	n=4	avg=1119.50	stddev=308.64	bps=358240.00
Time:1644444738	n=7	avg=1076.57	stddev=437.99	bps=602880.00
Time:1644444738	n=6	avg=1010.33	stddev=445.98	bps=484960.00
Time:1644444738	n=4	avg=798.00	stddev=633.80	bps=255360.00
Time:1644444738	n=4	avg=1166.00	stddev=366.78	bps=373120.00
Time:1644444738	n=1	avg=1428.00	stddev=0.00	bps=114240.00
Time:1644444738	n=9	avg=1015.00	stddev=398.90	bps=730800.00
Time:1644444739	n=6	avg=864.83	stddev=567.38	bps=415120.00
Time:1644444739	n=4	avg=987.25	stddev=445.79	bps=315920.00
Time:1644444739	n=6	avg=892.33	stddev=554.47	bps=428320.00
Time:1644444739	n=5	avg=1253.60	stddev=303.09	bps=501440.00
Time:1644444739	n=6	avg=1155.00	stddev=346.10	bps=554400.00
Time:1644444739	n=6	avg=928.33	stddev=506.46	bps=445600.00
Time:1644444739	n=4	avg=889.50	stddev=540.77	bps=284640.00
Time:1644444739	n=4	avg=957.25	stddev=473.77	bps=306320.00
Time:1644444739	n=4	avg=1066.75	stddev=449.17	bps=341360.00
Time:1644444739	n=8	avg=1012.38	stddev=459.84	bps=647920.00
Time:1644444740	n=4	avg=856.50	stddev=575.52	bps=274080.00
Time:1644444740	n=5	avg=1039.40	stddev=489.44	bps=415760.00
Time:1644444740	n=5	avg=954.60	stddev=410.88	bps=381840.00
Time:1644444740	n=4	avg=1064.50	stddev=391.08	bps=340640.00
Time:1644444740	n=6	avg=894.00	stddev=535.66	bps=429120.00
Time:1644444740	n=7	avg=1189.43	stddev=342.70	bps=666080.00
Time:1644444740	n=5	avg=1094.80	stddev=429.94	bps=437920.00
Time:1644444740	n=6	avg=1139.67	stddev=360.70	bps=547040.00
Time:1644444740	n=4	avg=1042.75	stddev=391.88	bps=333680.00
Time:1644444740	n=2	avg=1205.50	stddev=222.50	bps=192880.00
Time:1644444741	n=8	avg=1064.25	stddev=407.66	bps=681120.00
Time:1644444741	n=4	avg=1206.50	stddev=258.69	bps=386080.00
Time:1644444741	n=6	avg=1107.17	stddev=347.13	bps=531440.00
Time:1644444741	n=5	avg=1078.60	stddev=428.45	bps=431440.00
Time:1644444741	n=5	avg=1040.20	stddev=388.12	bps=416080.00
Time:1644444741	n=6	avg=1068.83	stddev=365.77	bps=513040.00
Time:1644444741	n=4	avg=1094.50	stddev=412.78	bps=350240.00
Time:1644444741	n=5	avg=1045.60	stddev=472.85	bps=418240.00
Time:1644444741	n=7	avg=1215.00	stddev=314.22	bps=680400.00
Time:1644444741	n=6	avg=1322.17	stddev=135.15	bps=634640.00
Time:1644444742	n=4	avg=1273.75	stddev=154.55	bps=407600.00
Time:1644444742	n=6	avg=1106.67	stddev=333.92	bps=531200.00
Time:1644444742	n=4	avg=1018.50	stddev=410.79	bps=325920.00
Time:1644444742	n=3	avg=1011.67	stddev=588.78	bps=242800.00
Time:1644444742	n=7	avg=908.14	stddev=487.78	bps=508560.00
Time:1644444742	n=2	avg=1161.50	stddev=266.50	bps=185840.00
Time:1644444742	n=5	avg=789.20	stddev=522.13	bps=315680.00
Time:1644444742	n=4	avg=960.00	stddev=483.72	bps=307200.00
Time:1644444742	n=4	avg=862.50	stddev=565.66	bps=276000.00
Time:1644444742	n=6	avg=1128.67	stddev=427.09	bps=541760.00
Time:1644444743	n=9	avg=1218.33	stddev=383.83	bps=877200.00
Time:1644444743	n=8	avg=993.88	stddev=474.89	bps=636080.00
Time:1644444743	n=1	avg=1428.00	stddev=0.00	bps=114240.00
Time:1644444743	n=6	avg=798.67	stddev=449.81	bps=383360.00
Time:1644444743	n=5	avg=977.60	stddev=552.33	bps=391040.00
Time:1644444743	n=5	avg=858.00	stddev=624.43	bps=343200.00
Time:1644444743	n=4	avg=928.25	stddev=463.38	bps=297040.00
Time:1644444743	n=6	avg=937.33	stddev=556.02	bps=449920.00
Time:1644444743	n=4	avg=1040.75	stddev=475.61	bps=333040.00
Time:1644444743	n=3	avg=994.67	stddev=612.83	bps=238720.00
Time:1644444744	n=7	avg=948.00	stddev=429.34	bps=530880.00
Time:1644444744	n=5	avg=1195.60	stddev=286.45	bps=478240.00
Time:1644444744	n=7	avg=1177.71	stddev=391.27	bps=659520.00
Time:1644444744	n=6	avg=969.33	stddev=496.44	bps=465280.00
Time:1644444744	n=2	avg=1360.00	stddev=47.00	bps=217600.00
Time:1644444744	n=6	avg=876.83	stddev=562.25	bps=420880.00
Time:1644444744	n=4	avg=861.25	stddev=569.26	bps=275600.00
Time:1644444744	n=6	avg=955.67	stddev=518.82	bps=458720.00
Time:1644444744	n=4	avg=986.25	stddev=446.16	bps=315600.00
Time:1644444744	n=4	avg=879.25	stddev=548.79	bps=281360.00
Time:1644444745	n=5	avg=1109.00	stddev=420.65	bps=443600.00
Time:1644444745	n=7	avg=830.29	stddev=518.24	bps=464960.00
Time:1644444745	n=4	avg=934.25	stddev=533.43	bps=298960.00
Time:1644444745	n=5	avg=1125.40	stddev=534.28	bps=450160.00
Time:1644444745	n=8	avg=1178.00	stddev=390.58	bps=753920.00
Time:1644444745	n=5	avg=1115.40	stddev=385.74	bps=446160.00
Time:1644444745	n=4	avg=1132.75	stddev=320.82	bps=362480.00
Time:1644444745	n=7	avg=1111.86	stddev=314.40	bps=622640.00
Time:1644444745	n=4	avg=996.50	stddev=433.51	bps=318880.00
Time:1644444745	n=6	avg=1092.00	stddev=386.33	bps=524160.00
Time:1644444746	n=4	avg=960.25	stddev=473.12	bps=307280.00
Time:1644444746	n=6	avg=991.83	stddev=478.34	bps=476080.00
Time:1644444746	n=4	avg=847.25	stddev=580.75	bps=271120.00
Time:1644444746	n=6	avg=1094.50	stddev=345.23	bps=525360.00
Time:1644444746	n=4	avg=1014.00	stddev=463.26	bps=324480.00
Time:1644444746	n=5	avg=1081.20	stddev=424.75	bps=432480.00
Time:1644444746	n=8	avg=1061.62	stddev=505.51	bps=679440.00
Time:1644444746	n=4	avg=817.25	stddev=611.06	bps=261520.00
Time:1644444746	n=5	avg=771.20	stddev=567.06	bps=308480.00
Time:1644444746	n=4	avg=802.25	stddev=628.73	bps=256720.00
Time:1644444747	n=6	avg=871.00	stddev=559.83	bps=418080.00
Time:1644444747	n=4	avg=1108.25	stddev=393.15	bps=354640.00
Time:1644444747	n=3	avg=1056.33	stddev=525.62	bps=253520.00
Time:1644444747	n=9	avg=788.56	stddev=581.65	bps=567760.00
Time:1644444747	n=4	avg=1271.25	stddev=169.85	bps=406800.00
Time:1644444747	n=4	avg=814.50	stddev=622.84	bps=260640.00
Time:1644444747	n=6	avg=807.83	stddev=620.46	bps=387760.00
Time:1644444747	n=5	avg=977.20	stddev=552.19	bps=390880.00
Time:1644444747	n=9	avg=1095.22	stddev=485.06	bps=788560.00
Time:1644444747	n=6	avg=833.17	stddev=604.47	bps=399920.00
Time:1644444748	n=4	avg=760.00	stddev=668.38	bps=243200.00
Time:1644444748	n=6	avg=799.33	stddev=629.87	bps=383680.00
Time:1644444748	n=4	avg=1007.25	stddev=446.30	bps=322320.00
Time:1644444748	n=6	avg=848.67	stddev=580.18	bps=407360.00
Time:1644444748	n=4	avg=1098.00	stddev=338.56	bps=351360.00
Time:1644444748	n=6	avg=915.33	stddev=570.03	bps=439360.00
Time:1644444748	n=4	avg=836.25	stddev=596.70	bps=267600.00
Time:1644444748	n=6	avg=872.33	stddev=593.75	bps=418720.00
Time:1644444748	n=3	avg=1170.67	stddev=212.74	bps=280960.00
Time:1644444748	n=6	avg=1194.67	stddev=473.43	bps=573440.00
Time:1644444749	n=5	avg=1045.40	stddev=480.14	bps=418160.00
Time:1644444749	n=6	avg=860.83	stddev=568.20	bps=413200.00
Time:1644444749	n=3	avg=982.67	stddev=585.81	bps=235840.00
Time:1644444749	n=4	avg=943.50	stddev=488.39	bps=301920.00
Time:1644444749	n=0	avg=0.00	stddev=0.00	bps=0.00
Time:1644444749	n=11	avg=1027.36	stddev=505.86	bps=904080.00
Time:1644444749	n=4	avg=744.75	stddev=683.25	bps=238320.00
Time:1644444749	n=3	avg=1043.33	stddev=515.28	bps=250400.00
Time:1644444749	n=5	avg=1187.40	stddev=402.06	bps=474960.00
Time:1644444749	n=7	avg=796.57	stddev=552.15	bps=446080.00
Time:1644444750	n=4	avg=1057.50	stddev=389.73	bps=338400.00
Time:1644444750	n=4	avg=795.25	stddev=632.97	bps=254480.00
Time:1644444750	n=10	avg=1103.60	stddev=510.20	bps=882880.00
Time:1644444750	n=5	avg=910.00	stddev=564.78	bps=364000.00
Time:1644444750	n=4	avg=1051.75	stddev=431.76	bps=336560.00
Time:1644444750	n=4	avg=1030.75	stddev=504.37	bps=329840.00
Time:1644444750	n=4	avg=925.75	stddev=489.24	bps=296240.00
Time:1644444750	n=5	avg=1009.60	stddev=381.21	bps=403840.00
Time:1644444750	n=4	avg=853.25	stddev=574.75	bps=273040.00
Time:1644444750	n=1	avg=1428.00	stddev=0.00	bps=114240.00
Time:1644444751	n=10	avg=1036.00	stddev=520.62	bps=828800.00
Time:1644444751	n=3	avg=984.33	stddev=627.44	bps=236240.00
Time:1644444751	n=7	avg=821.57	stddev=537.44	bps=460080.00
Time:1644444751	n=4	avg=971.25	stddev=469.14	bps=310800.00
Time:1644444751	n=6	avg=1181.50	stddev=413.60	bps=567120.00
Time:1644444751	n=6	avg=984.33	stddev=469.56	bps=472480.00
Time:1644444751	n=5	avg=849.80	stddev=614.73	bps=339920.00
Time:1644444751	n=4	avg=1027.75	stddev=400.69	bps=328880.00
Time:1644444751	n=6	avg=879.67	stddev=556.52	bps=422240.00
Time:1644444751	n=4	avg=1035.50	stddev=467.82	bps=331360.00
Time:1644444752	n=1	avg=1428.00	stddev=0.00	bps=114240.00
Time:1644444752	n=6	avg=902.17	stddev=557.95	bps=433040.00
Time:1644444752	n=7	avg=946.71	stddev=529.74	bps=530160.00
Time:1644444752	n=4	avg=1137.75	stddev=350.21	bps=364080.00
Time:1644444752	n=4	avg=909.00	stddev=550.13	bps=290880.00
Time:1644444752	n=6	avg=1054.17	stddev=539.88	bps=506000.00
Time:1644444752	n=5	avg=1296.00	stddev=116.34	bps=518400.00
Time:1644444752	n=6	avg=978.00	stddev=486.95	bps=469440.00
Time:1644444752	n=3	avg=1041.67	stddev=385.71	bps=250000.00
Time:1644444752	n=4	avg=1152.75	stddev=391.89	bps=368880.00
Time:1644444753	n=5	avg=782.60	stddev=545.64	bps=313040.00
Time:1644444753	n=5	avg=1006.40	stddev=545.67	bps=402560.00
Time:1644444753	n=5	avg=891.20	stddev=599.34	bps=356480.00
Time:1644444753	n=5	avg=992.40	stddev=537.18	bps=396960.00
Time:1644444753	n=3	avg=982.00	stddev=451.67	bps=235680.00
Time:1644444753	n=5	avg=1069.00	stddev=466.29	bps=427600.00
Time:1644444753	n=3	avg=778.33	stddev=459.48	bps=186800.00
Time:1644444753	n=6	avg=971.83	stddev=473.87	bps=466480.00
Time:1644444753	n=9	avg=1119.33	stddev=522.80	bps=805920.00
Time:1644444753	n=3	avg=985.00	stddev=543.85	bps=236400.00
Time:1644444754	n=6	avg=965.50	stddev=501.23	bps=463440.00
Time:1644444754	n=5	avg=989.60	stddev=512.87	bps=395840.00
Time:1644444754	n=4	avg=888.50	stddev=558.45	bps=284320.00
Time:1644444754	n=7	avg=875.14	stddev=639.52	bps=490080.00
Time:1644444754	n=2	avg=1053.00	stddev=191.00	bps=168480.00
Time:1644444754	n=4	avg=1162.50	stddev=291.11	bps=372000.00
Time:1644444754	n=3	avg=1145.33	stddev=267.64	bps=274880.00
Time:1644444754	n=5	avg=986.60	stddev=552.70	bps=394640.00
Time:1644444754	n=4	avg=750.25	stddev=677.88	bps=240080.00
Time:1644444754	n=7	avg=1069.14	stddev=567.45	bps=598720.00
Time:1644444755	n=3	avg=1301.33	stddev=179.13	bps=312320.00
Time:1644444755	n=5	avg=927.60	stddev=406.27	bps=371040.00
Time:1644444755	n=4	avg=1062.25	stddev=434.62	bps=339920.00
Time:1644444755	n=4	avg=910.50	stddev=528.69	bps=291360.00
Time:1644444755	n=2	avg=932.50	stddev=495.50	bps=149200.00
Time:1644444755	n=9	avg=1018.78	stddev=486.93	bps=733520.00
Time:1644444755	n=4	avg=1027.75	stddev=446.39	bps=328880.00
Time:1644444755	n=6	avg=810.50	stddev=630.76	bps=389040.00
Time:1644444755	n=4	avg=1040.50	stddev=566.81	bps=332960.00
Time:1644444755	n=3	avg=925.33	stddev=620.56	bps=222080.00
Time:1644444756	n=6	avg=782.67	stddev=646.02	bps=375680.00
Time:1644444756	n=4	avg=1000.00	stddev=471.28	bps=320000.00
Time:1644444756	n=8	avg=1200.88	stddev=322.27	bps=768560.00
Time:1644444756	n=5	avg=814.20	stddev=596.76	bps=325680.00
Time:1644444756	n=5	avg=1077.00	stddev=489.30	bps=430800.00
Time:1644444756	n=1	avg=718.00	stddev=0.00	bps=57440.00
Time:1644444756	n=6	avg=937.50	stddev=594.74	bps=450000.00
Time:1644444756	n=4	avg=1209.50	stddev=339.94	bps=387040.00
Time:1644444756	n=4	avg=789.75	stddev=638.77	bps=252720.00
Time:1644444756	n=2	avg=1314.00	stddev=98.00	bps=210240.00
Time:1644444757	n=3	avg=1246.00	stddev=54.14	bps=299040.00
Time:1644444757	n=6	avg=984.00	stddev=534.62	bps=472320.00
Time:1644444757	n=1	avg=1392.00	stddev=0.00	bps=111360.00
Time:1644444757	n=6	avg=852.17	stddev=577.72	bps=409040.00
Time:1644444757	n=8	avg=1233.00	stddev=270.70	bps=789120.00
Time:1644444757	n=1	avg=1008.00	stddev=0.00	bps=80640.00
Time:1644444757	n=4	avg=1239.25	stddev=241.19	bps=396560.00
Time:1644444757	n=6	avg=860.00	stddev=531.51	bps=412800.00
Time:1644444757	n=4	avg=841.25	stddev=591.93	bps=269200.00
Time:1644444757	n=3	avg=1381.33	stddev=36.82	bps=331520.00
Time:1644444758	n=3	avg=1071.00	stddev=490.10	bps=257040.00
Time:1644444758	n=2	avg=762.50	stddev=665.50	bps=122000.00
Time:1644444758	n=7	avg=931.57	stddev=564.64	bps=521680.00
Time:1644444758	n=7	avg=1033.14	stddev=473.04	bps=578560.00
Time:1644444758	n=3	avg=1339.67	stddev=67.55	bps=321520.00
Time:1644444758	n=5	avg=700.60	stddev=599.80	bps=280240.00
Time:1644444758	n=8	avg=1249.38	stddev=239.92	bps=799600.00
Time:1644444758	n=5	avg=904.80	stddev=537.61	bps=361920.00
Time:1644444758	n=4	avg=876.25	stddev=575.32	bps=280400.00
Time:1644444758	n=0	avg=0.00	stddev=0.00	bps=0.00
Time:1644444759	n=10	avg=875.20	stddev=569.60	bps=700160.00
Time:1644444759	n=7	avg=1213.14	stddev=283.42	bps=679360.00
Time:1644444759	n=3	avg=973.00	stddev=563.44	bps=233520.00
Time:1644444759	n=3	avg=712.00	stddev=558.92	bps=170880.00
Time:1644444759	n=4	avg=833.25	stddev=499.73	bps=266640.00
Time:1644444759	n=3	avg=1099.33	stddev=438.21	bps=263840.00
Time:1644444759	n=5	avg=985.20	stddev=543.45	bps=394080.00
Time:1644444759	n=4	avg=1026.25	stddev=571.84	bps=328400.00
Time:1644444759	n=1	avg=1113.00	stddev=0.00	bps=89040.00
Time:1644444759	n=8	avg=1209.38	stddev=309.69	bps=774000.00
Time:1644444760	n=5	avg=1016.80	stddev=338.12	bps=406720.00
Time:1644444760	n=4	avg=1208.75	stddev=207.25	bps=386800.00
Time:1644444760	n=2	avg=1355.00	stddev=30.00	bps=216800.00
Time:1644444760	n=8	avg=1093.88	stddev=450.85	bps=700080.00
Time:1644444760	n=2	avg=910.50	stddev=102.50	bps=145680.00
Time:1644444760	n=4	avg=916.75	stddev=526.11	bps=293360.00
Time:1644444760	n=2	avg=992.00	stddev=82.00	bps=158720.00
Time:1644444760	n=3	avg=1018.00	stddev=510.75	bps=244320.00
Time:1644444760	n=2	avg=1277.50	stddev=52.50	bps=204400.00
Time:1644444760	n=5	avg=1063.60	stddev=526.28	bps=425440.00
Time:1644444761	n=8	avg=1145.38	stddev=405.55	bps=733040.00
Time:1644444761	n=1	avg=1244.00	stddev=0.00	bps=99520.00
Time:1644444761	n=6	avg=1054.83	stddev=467.06	bps=506320.00
Time:1644444761	n=5	avg=906.60	stddev=515.08	bps=362640.00
Time:1644444761	n=3	avg=1034.00	stddev=468.95	bps=248160.00
Time:1644444761	n=7	avg=1126.00	stddev=409.96	bps=630560.00
Time:1644444761	n=2	avg=963.00	stddev=24.00	bps=154080.00
Time:1644444761	n=2	avg=1121.00	stddev=35.00	bps=179360.00
Time:1644444761	n=3	avg=1158.67	stddev=85.60	bps=278080.00
Time:1644444761	n=4	avg=990.75	stddev=501.22	bps=317040.00
Time:1644444762	n=4	avg=756.00	stddev=647.78	bps=241920.00
Time:1644444762	n=5	avg=1125.40	stddev=511.10	bps=450160.00
Time:1644444762	n=6	avg=1135.17	stddev=327.96	bps=544880.00
Time:1644444762	n=3	avg=1017.00	stddev=569.26	bps=244080.00
Time:1644444762	n=6	avg=916.17	stddev=560.56	bps=439760.00
Time:1644444762	n=2	avg=1325.00	stddev=2.00	bps=212000.00
Time:1644444762	n=4	avg=1123.25	stddev=350.83	bps=359440.00
Time:1644444762	n=5	avg=1108.60	stddev=528.85	bps=443440.00
Time:1644444762	n=4	avg=777.25	stddev=652.20	bps=248720.00
Time:1644444762	n=4	avg=1018.50	stddev=505.63	bps=325920.00
Time:1644444763	n=4	avg=808.75	stddev=619.88	bps=258800.00
Time:1644444763	n=5	avg=956.80	stddev=577.17	bps=382720.00
Time:1644444763	n=5	avg=978.60	stddev=488.83	bps=391440.00
Time:1644444763	n=5	avg=950.80	stddev=584.50	bps=380320.00
Time:1644444763	n=7	avg=1191.14	stddev=303.38	bps=667040.00
Time:1644444763	n=3	avg=935.00	stddev=516.34	bps=224400.00
Time:1644444763	n=4	avg=1111.50	stddev=416.94	bps=355680.00
Time:1644444763	n=3	avg=1153.33	stddev=363.28	bps=276800.00
Time:1644444763	n=6	avg=851.17	stddev=587.67	bps=408560.00
Time:1644444763	n=0	avg=0.00	stddev=0.00	bps=0.00
Time:1644444764	n=9	avg=1132.56	stddev=391.08	bps=815440.00
Time:1644444764	n=4	avg=915.50	stddev=515.76	bps=292960.00
Time:1644444764	n=3	avg=1165.00	stddev=157.89	bps=279600.00
Time:1644444764	n=3	avg=1095.67	stddev=228.17	bps=262960.00
Time:1644444764	n=2	avg=1254.50	stddev=40.50	bps=200720.00
Time:1644444764	n=2	avg=1071.00	stddev=1.00	bps=171360.00
Time:1644444764	n=9	avg=1141.11	stddev=450.62	bps=821600.00
Time:1644444764	n=4	avg=1060.25	stddev=511.36	bps=339280.00
Time:1644444764	n=1	avg=300.00	stddev=0.00	bps=24000.00
Time:1644444764	n=4	avg=668.00	stddev=552.12	bps=213760.00
Time:1644444765	n=7	avg=905.29	stddev=598.62	bps=506960.00
Time:1644444765	n=6	avg=1272.33	stddev=322.84	bps=610720.00
Time:1644444765	n=3	avg=1266.00	stddev=136.48	bps=303840.00
Time:1644444765	n=2	avg=1291.00	stddev=37.00	bps=206560.00
Time:1644444765	n=3	avg=1413.67	stddev=8.96	bps=339280.00
Time:1644444765	n=3	avg=1292.00	stddev=128.33	bps=310080.00
Time:1644444765	n=3	avg=982.67	stddev=572.79	bps=235840.00
Time:1644444765	n=4	avg=860.00	stddev=569.19	bps=275200.00
Time:1644444765	n=8	avg=1247.12	stddev=288.93	bps=798160.00
Time:1644444765	n=4	avg=1022.50	stddev=407.82	bps=327200.00
Time:1644444766	n=3	avg=1026.00	stddev=449.21	bps=246240.00
Time:1644444766	n=2	avg=895.50	stddev=532.50	bps=143280.00
Time:1644444766	n=3	avg=1040.00	stddev=548.71	bps=249600.00
Time:1644444766	n=5	avg=911.20	stddev=554.60	bps=364480.00
Time:1644444766	n=8	avg=1162.25	stddev=361.36	bps=743840.00
Time:1644444766	n=3	avg=1123.33	stddev=62.66	bps=269600.00
Time:1644444766	n=3	avg=956.33	stddev=523.69	bps=229520.00
Time:1644444766	n=3	avg=1042.67	stddev=143.62	bps=250240.00
Time:1644444766	n=2	avg=1405.00	stddev=21.00	bps=224800.00
Time:1644444766	n=2	avg=1288.00	stddev=77.00	bps=206080.00
Time:1644444767	n=4	avg=1323.75	stddev=180.57	bps=423600.00
Time:1644444767	n=8	avg=962.62	stddev=554.12	bps=616080.00
Time:1644444767	n=3	avg=1362.33	stddev=73.32	bps=326960.00
Time:1644444767	n=2	avg=1182.00	stddev=118.00	bps=189120.00
Time:1644444767	n=3	avg=1126.00	stddev=262.99	bps=270240.00
Time:1644444767	n=8	avg=1078.50	stddev=411.29	bps=690240.00
Time:1644444767	n=2	avg=1237.00	stddev=3.00	bps=197920.00
Time:1644444767	n=3	avg=1012.33	stddev=497.43	bps=242960.00
Time:1644444767	n=4	avg=1031.50	stddev=325.77	bps=330080.00
Time:1644444767	n=2	avg=1304.00	stddev=2.00	bps=208640.00
Time:1644444768	n=1	avg=1092.00	stddev=0.00	bps=87360.00
Time:1644444768	n=8	avg=1214.00	stddev=394.47	bps=776960.00
Time:1644444768	n=6	avg=1320.50	stddev=160.76	bps=633840.00
Time:1644444768	n=4	avg=713.50	stddev=496.71	bps=228320.00
Time:1644444768	n=4	avg=794.75	stddev=441.03	bps=254320.00
Time:1644444768	n=4	avg=1048.75	stddev=406.39	bps=335600.00
Time:1644444768	n=1	avg=1428.00	stddev=0.00	bps=114240.00
Time:1644444768	n=5	avg=644.20	stddev=642.86	bps=257680.00
Time:1644444768	n=8	avg=1071.62	stddev=513.79	bps=685840.00
Time:1644444768	n=2	avg=1370.50	stddev=49.50	bps=219280.00
Time:1644444769	n=4	avg=1035.75	stddev=568.46	bps=331440.00
Time:1644444769	n=3	avg=1354.00	stddev=102.54	bps=324960.00
Time:1644444769	n=2	avg=1248.50	stddev=14.50	bps=199760.00
Time:1644444769	n=1	avg=1111.00	stddev=0.00	bps=88880.00
Time:1644444769	n=9	avg=1210.89	stddev=318.19	bps=871840.00
Time:1644444769	n=3	avg=959.33	stddev=534.11	bps=230240.00
Time:1644444769	n=4	avg=881.25	stddev=548.37	bps=282000.00
Time:1644444769	n=5	avg=998.60	stddev=517.47	bps=399440.00
Time:1644444769	n=2	avg=1269.00	stddev=69.00	bps=203040.00
Time:1644444769	n=5	avg=1385.20	stddev=84.11	bps=554080.00
Time:1644444770	n=5	avg=1004.40	stddev=389.96	bps=401760.00
Time:1644444770	n=2	avg=1129.00	stddev=74.00	bps=180640.00
Time:1644444770	n=3	avg=1139.33	stddev=79.30	bps=273440.00
Time:1644444770	n=3	avg=1102.33	stddev=134.69	bps=264560.00
Time:1644444770	n=1	avg=1403.00	stddev=0.00	bps=112240.00
Time:1644444770	n=4	avg=1156.50	stddev=164.06	bps=370080.00
Time:1644444770	n=7	avg=1221.57	stddev=310.36	bps=684080.00
Time:1644444770	n=4	avg=1167.00	stddev=338.13	bps=373440.00
Time:1644444770	n=4	avg=775.75	stddev=624.33	bps=248240.00
Time:1644444770	n=3	avg=916.00	stddev=573.66	bps=219840.00
Time:1644444771	n=3	avg=1255.00	stddev=81.78	bps=301200.00
Time:1644444771	n=4	avg=1404.25	stddev=41.14	bps=449360.00
Time:1644444771	n=3	avg=934.33	stddev=465.68	bps=224240.00
Time:1644444771	n=4	avg=1102.50	stddev=304.51	bps=352800.00
Time:1644444771	n=4	avg=980.00	stddev=519.50	bps=313600.00
Time:1644444771	n=7	avg=892.43	stddev=510.83	bps=499760.00
Time:1644444771	n=2	avg=1186.50	stddev=241.50	bps=189840.00
Time:1644444771	n=6	avg=1021.67	stddev=443.04	bps=490400.00
Time:1644444771	n=3	avg=1291.00	stddev=193.75	bps=309840.00
Time:1644444771	n=0	avg=0.00	stddev=0.00	bps=0.00
Time:1644444772	n=7	avg=1178.57	stddev=406.46	bps=660000.00
Time:1644444772	n=5	avg=876.80	stddev=562.38	bps=350720.00
Time:1644444772	n=4	avg=1133.00	stddev=247.62	bps=362560.00
Time:1644444772	n=4	avg=1143.25	stddev=481.72	bps=365840.00
Time:1644444772	n=9	avg=1076.89	stddev=361.40	bps=775360.00
Time:1644444772	n=1	avg=1170.00	stddev=0.00	bps=93600.00
Time:1644444772	n=2	avg=1260.50	stddev=86.50	bps=201680.00
Time:1644444772	n=4	avg=996.00	stddev=527.87	bps=318720.00
Time:1644444772	n=5	avg=915.00	stddev=445.31	bps=366000.00
Time:1644444772	n=2	avg=868.50	stddev=559.50	bps=138960.00
Time:1644444773	n=7	avg=1054.71	stddev=486.76	bps=590640.00
Time:1644444773	n=0	avg=0.00	stddev=0.00	bps=0.00
Time:1644444773	n=2	avg=1428.00	stddev=0.00	bps=228480.00
Time:1644444773	n=12	avg=943.25	stddev=492.05	bps=905520.00
Time:1644444773	n=6	avg=843.00	stddev=586.66	bps=404640.00
Time:1644444773	n=6	avg=1180.33	stddev=351.17	bps=566560.00
Time:1644444773	n=4	avg=1067.75	stddev=370.02	bps=341680.00
Time:1644444773	n=5	avg=940.20	stddev=566.21	bps=376080.00
Time:1644444773	n=4	avg=1113.75	stddev=345.04	bps=356400.00
Time:1644444773	n=6	avg=844.33	stddev=590.32	bps=405280.00
Time:1644444774	n=4	avg=887.00	stddev=564.11	bps=283840.00
Time:1644444774	n=4	avg=1151.50	stddev=431.24	bps=368480.00
Time:1644444774	n=7	avg=1197.00	stddev=289.30	bps=670320.00
Time:1644444774	n=5	avg=985.20	stddev=535.17	bps=394080.00
Time:1644444774	n=3	avg=1007.67	stddev=514.60	bps=241840.00
Time:1644444774	n=5	avg=967.80	stddev=540.34	bps=387120.00
Time:1644444774	n=2	avg=970.00	stddev=458.00	bps=155200.00
Time:1644444774	n=7	avg=1101.14	stddev=516.85	bps=616640.00
Time:1644444774	n=6	avg=1039.17	stddev=298.08	bps=498800.00
Time:1644444774	n=3	avg=993.00	stddev=151.68	bps=238320.00
Time:1644444775	n=3	avg=847.00	stddev=542.27	bps=203280.00
Time:1644444775	n=4	avg=1004.75	stddev=450.81	bps=321520.00
Time:1644444775	n=6	avg=938.83	stddev=514.84	bps=450640.00
Time:1644444775	n=4	avg=1007.25	stddev=479.25	bps=322320.00
Time:1644444775	n=7	avg=1166.43	stddev=342.28	bps=653200.00
Time:1644444775	n=4	avg=1173.75	stddev=348.05	bps=375600.00
Time:1644444775	n=0	avg=0.00	stddev=0.00	bps=0.00
Time:1644444775	n=6	avg=1079.33	stddev=403.01	bps=518080.00
Time:1644444775	n=4	avg=1017.00	stddev=417.65	bps=325440.00
Time:1644444775	n=7	avg=906.86	stddev=604.00	bps=507840.00
Time:1644444776	n=3	avg=1266.00	stddev=39.66	bps=303840.00
Time:1644444776	n=4	avg=1102.00	stddev=366.15	bps=352640.00
Time:1644444776	n=4	avg=1054.25	stddev=561.97	bps=337360.00
Time:1644444776	n=6	avg=907.33	stddev=522.68	bps=435520.00
Time:1644444776	n=4	avg=827.75	stddev=600.28	bps=264880.00
Time:1644444776	n=4	avg=890.50	stddev=538.76	bps=284960.00
Time:1644444776	n=8	avg=1169.00	stddev=359.26	bps=748160.00
Time:1644444776	n=4	avg=1125.00	stddev=398.48	bps=360000.00
Time:1644444776	n=4	avg=780.00	stddev=486.35	bps=249600.00
Time:1644444776	n=3	avg=1302.33	stddev=69.41	bps=312560.00
Time:1644444777	n=3	avg=1017.67	stddev=543.25	bps=244240.00
Time:1644444777	n=8	avg=1149.88	stddev=432.16	bps=735920.00
Time:1644444777	n=2	avg=1211.50	stddev=85.50	bps=193840.00
Time:1644444777	n=2	avg=1278.50	stddev=35.50	bps=204560.00
Time:1644444777	n=4	avg=1024.50	stddev=397.35	bps=327840.00
Time:1644444777	n=3	avg=854.67	stddev=584.10	bps=205120.00
Time:1644444777	n=4	avg=992.00	stddev=538.94	bps=317440.00
Time:1644444777	n=2	avg=759.00	stddev=669.00	bps=121440.00
Time:1644444777	n=9	avg=1263.56	stddev=261.81	bps=909760.00
Time:1644444777	n=3	avg=1345.67	stddev=76.88	bps=322960.00
Time:1644444778	n=4	avg=925.75	stddev=512.95	bps=296240.00
Time:1644444778	n=5	avg=1012.20	stddev=491.23	bps=404880.00
Time:1644444778	n=3	avg=1189.33	stddev=324.88	bps=285440.00
Time:1644444778	n=3	avg=1144.67	stddev=400.69	bps=274720.00
Time:1644444778	n=6	avg=1176.17	stddev=313.34	bps=564560.00
Time:1644444778	n=5	avg=948.00	stddev=451.54	bps=379200.00
Time:1644444778	n=3	avg=867.67	stddev=449.70	bps=208240.00
Time:1644444778	n=6	avg=1031.00	stddev=403.30	bps=494880.00
Time:1644444778	n=4	avg=1028.75	stddev=399.87	bps=329200.00
Time:1644444778	n=2	avg=1177.00	stddev=26.00	bps=188320.00
Time:1644444779	n=8	avg=1216.25	stddev=301.73	bps=778400.00
Time:1644444779	n=1	avg=1258.00	stddev=0.00	bps=100640.00
Time:1644444779	n=8	avg=1054.88	stddev=436.45	bps=675120.00
Time:1644444779	n=6	avg=875.67	stddev=564.09	bps=420320.00
Time:1644444779	n=4	avg=859.75	stddev=570.13	bps=275120.00
Time:1644444779	n=4	avg=855.50	stddev=578.75	bps=273760.00
Time:1644444779	n=6	avg=843.33	stddev=585.43	bps=404800.00
Time:1644444779	n=6	avg=890.50	stddev=538.67	bps=427440.00
Time:1644444779	n=4	avg=996.75	stddev=437.07	bps=318960.00
Time:1644444779	n=5	avg=1025.00	stddev=495.61	bps=410000.00
Time:1644444780	n=0	avg=0.00	stddev=0.00	bps=0.00
Time:1644444780	n=8	avg=1278.88	stddev=262.31	bps=818480.00
Time:1644444780	n=9	avg=1082.22	stddev=461.77	bps=779200.00
Time:1644444780	n=4	avg=972.00	stddev=391.42	bps=311040.00
Time:1644444780	n=2	avg=957.00	stddev=91.00	bps=153120.00
Time:1644444780	n=3	avg=1034.33	stddev=556.73	bps=248240.00
Time:1644444780	n=6	avg=1014.50	stddev=492.41	bps=486960.00
Time:1644444780	n=5	avg=1080.60	stddev=385.82	bps=432240.00
Time:1644444780	n=2	avg=992.00	stddev=436.00	bps=158720.00
Time:1644444780	n=0	avg=0.00	stddev=0.00	bps=0.00
Time:1644444781	n=12	avg=977.33	stddev=518.62	bps=938240.00
Time:1644444781	n=3	avg=1113.33	stddev=308.66	bps=267200.00
Time:1644444781	n=6	avg=1019.00	stddev=424.60	bps=489120.00
Time:1644444781	n=4	avg=1082.50	stddev=586.93	bps=346400.00
Time:1644444781	n=7	avg=1262.14	stddev=334.36	bps=706800.00
Time:1644444781	n=2	avg=844.00	stddev=584.00	bps=135040.00
Time:1644444781	n=3	avg=1064.00	stddev=374.40	bps=255360.00
Time:1644444781	n=7	avg=939.43	stddev=464.75	bps=526080.00
Time:1644444781	n=2	avg=938.00	stddev=490.00	bps=150080.00
Time:1644444781	n=8	avg=961.50	stddev=602.72	bps=615360.00
Time:1644444782	n=4	avg=941.25	stddev=380.02	bps=301200.00
Time:1644444782	n=4	avg=934.50	stddev=488.37	bps=299040.00
Time:1644444782	n=3	avg=1084.67	stddev=295.81	bps=260320.00
Time:1644444782	n=3	avg=1192.33	stddev=333.28	bps=286160.00
Time:1644444782	n=4	avg=1017.50	stddev=484.52	bps=325600.00
Time:1644444782	n=7	avg=920.14	stddev=516.39	bps=515280.00
Time:1644444782	n=9	avg=1160.78	stddev=469.77	bps=835760.00
Time:1644444782	n=4	avg=1071.25	stddev=410.59	bps=342800.00
Time:1644444782	n=4	avg=916.25	stddev=536.65	bps=293200.00
Time:1644444782	n=5	avg=1084.40	stddev=435.51	bps=433760.00
Time:1644444783	n=4	avg=797.25	stddev=630.76	bps=255120.00
Time:1644444783	n=5	avg=1027.20	stddev=476.79	bps=410880.00
Time:1644444783	n=4	avg=964.50	stddev=463.72	bps=308640.00
Time:1644444783	n=4	avg=1167.75	stddev=342.78	bps=373680.00
Time:1644444783	n=5	avg=763.20	stddev=553.64	bps=305280.00
Time:1644444783	n=6	avg=1004.33	stddev=442.01	bps=482080.00
Time:1644444783	n=4	avg=830.25	stddev=607.78	bps=265680.00
Time:1644444783	n=4	avg=858.00	stddev=585.46	bps=274560.00
Time:1644444783	n=7	avg=1358.86	stddev=100.73	bps=760960.00
Time:1644444783	n=5	avg=915.60	stddev=581.27	bps=366240.00
Time:1644444784	n=2	avg=893.00	stddev=535.00	bps=142880.00
Time:1644444784	n=7	avg=883.00	stddev=581.03	bps=494480.00
Time:1644444784	n=4	avg=1102.00	stddev=410.16	bps=352640.00
Time:1644444784	n=7	avg=1304.71	stddev=278.26	bps=730640.00
Time:1644444784	n=3	avg=851.33	stddev=104.19	bps=204320.00
Time:1644444784	n=3	avg=926.33	stddev=204.77	bps=222320.00
Time:1644444784	n=2	avg=1027.00	stddev=3.00	bps=164320.00
Time:1644444784	n=6	avg=1126.50	stddev=319.53	bps=540720.00
Time:1644444784	n=4	avg=920.25	stddev=530.74	bps=294480.00
Time:1644444784	n=4	avg=979.00	stddev=518.60	bps=313280.00
Time:1644444785	n=8	avg=1191.38	stddev=396.77	bps=762480.00
Time:1644444785	n=3	avg=1103.67	stddev=380.27	bps=264880.00
Time:1644444785	n=4	avg=1073.75	stddev=333.10	bps=343600.00
Time:1644444785	n=5	avg=1051.60	stddev=413.32	bps=420640.00
Time:1644444785	n=4	avg=809.25	stddev=619.99	bps=258960.00
Time:1644444785	n=2	avg=799.50	stddev=628.50	bps=127920.00
Time:1644444785	n=6	avg=1048.17	stddev=417.05	bps=503120.00
Time:1644444785	n=6	avg=976.67	stddev=534.87	bps=468800.00
Time:1644444785	n=7	avg=1217.86	stddev=339.84	bps=682000.00
Time:1644444785	n=1	avg=1029.00	stddev=0.00	bps=82320.00
Time:1644444786	n=4	avg=1115.00	stddev=146.22	bps=356800.00
Time:1644444786	n=2	avg=1321.50	stddev=104.50	bps=211440.00
Time:1644444786	n=8	avg=1353.62	stddev=139.59	bps=866320.00
Time:1644444786	n=5	avg=978.80	stddev=426.33	bps=391520.00
Time:1644444786	n=3	avg=1176.67	stddev=179.40	bps=282400.00
Time:1644444786	n=5	avg=978.60	stddev=447.43	bps=391440.00
Time:1644444786	n=4	avg=868.25	stddev=564.89	bps=277840.00
Time:1644444786	n=5	avg=955.00	stddev=587.28	bps=382000.00
Time:1644444786	n=6	avg=940.50	stddev=488.06	bps=451440.00
Time:1644444786	n=3	avg=955.00	stddev=473.50	bps=229200.00
Time:1644444787	n=5	avg=1027.20	stddev=475.99	bps=410880.00
Time:1644444787	n=5	avg=928.20	stddev=580.41	bps=371280.00
Time:1644444787	n=4	avg=857.25	stddev=576.07	bps=274320.00
Time:1644444787	n=5	avg=1099.60	stddev=444.71	bps=439840.00
Time:1644444787	n=7	avg=1135.43	stddev=427.08	bps=635840.00
Time:1644444787	n=4	avg=833.00	stddev=595.81	bps=266560.00
Time:1644444787	n=5	avg=897.20	stddev=615.96	bps=358880.00
Time:1644444787	n=4	avg=942.00	stddev=511.38	bps=301440.00
Time:1644444787	n=6	avg=920.50	stddev=525.74	bps=441840.00
Time:1644444787	n=7	avg=984.00	stddev=537.84	bps=551040.00
Time:1644444788	n=3	avg=982.00	stddev=459.32	bps=235680.00
Time:1644444788	n=4	avg=999.00	stddev=320.82	bps=319680.00
Time:1644444788	n=3	avg=903.00	stddev=508.44	bps=216720.00
Time:1644444788	n=6	avg=982.50	stddev=462.87	bps=471600.00
Time:1644444788	n=2	avg=1102.50	stddev=325.50	bps=176400.00
Time:1644444788	n=7	avg=955.14	stddev=548.27	bps=534880.00
Time:1644444788	n=7	avg=1237.29	stddev=254.28	bps=692880.00
Time:1644444788	n=5	avg=918.40	stddev=525.91	bps=367360.00
Time:1644444788	n=3	avg=983.67	stddev=559.84	bps=236080.00
Time:1644444788	n=5	avg=1030.80	stddev=446.27	bps=412320.00
Time:1644444789	n=4	avg=818.00	stddev=613.02	bps=261760.00
Time:1644444789	n=5	avg=1049.80	stddev=507.40	bps=419920.00
Time:1644444789	n=5	avg=901.40	stddev=488.80	bps=360560.00
Time:1644444789	n=5	avg=925.80	stddev=612.24	bps=370320.00
Time:1644444789	n=3	avg=1100.33	stddev=269.88	bps=264080.00
Time:1644444789	n=4	avg=1055.75	stddev=417.55	bps=337840.00
Time:1644444789	n=6	avg=1046.83	stddev=437.01	bps=502480.00
Time:1644444789	n=3	avg=1164.67	stddev=237.22	bps=279520.00
Time:1644444789	n=8	avg=1245.38	stddev=354.82	bps=797040.00
Time:1644444789	n=5	avg=919.20	stddev=623.57	bps=367680.00
Time:1644444790	n=4	avg=982.50	stddev=461.92	bps=314400.00
Time:1644444790	n=6	avg=932.50	stddev=498.15	bps=447600.00
Time:1644444790	n=3	avg=1128.67	stddev=334.99	bps=270880.00
Time:1644444790	n=9	avg=1198.00	stddev=447.15	bps=862560.00
Time:1644444790	n=3	avg=1054.33	stddev=85.07	bps=253040.00
Time:1644444790	n=3	avg=1007.33	stddev=105.59	bps=241760.00
Time:1644444790	n=3	avg=1197.33	stddev=165.45	bps=287360.00
Time:1644444790	n=6	avg=950.67	stddev=483.60	bps=456320.00
Time:1644444790	n=4	avg=761.00	stddev=667.66	bps=243520.00
Time:1644444790	n=4	avg=1208.75	stddev=241.30	bps=386800.00
Time:1644444791	n=7	avg=1226.14	stddev=381.32	bps=686640.00
Time:1644444791	n=0	avg=0.00	stddev=0.00	bps=0.00
Time:1644444791	n=9	avg=889.78	stddev=557.22	bps=640640.00
Time:1644444791	n=5	avg=936.60	stddev=532.13	bps=374640.00
Time:1644444791	n=4	avg=793.75	stddev=635.84	bps=254000.00
Time:1644444791	n=6	avg=1173.17	stddev=325.47	bps=563120.00
Time:1644444791	n=3	avg=951.33	stddev=630.78	bps=228320.00
Time:1644444791	n=6	avg=865.17	stddev=573.36	bps=415280.00
Time:1644444791	n=0	avg=0.00	stddev=0.00	bps=0.00
Time:1644444791	n=10	avg=920.50	stddev=584.55	bps=736400.00
Time:1644444792	n=4	avg=930.00	stddev=506.54	bps=297600.00
Time:1644444792	n=3	avg=1039.00	stddev=427.94	bps=249360.00
Time:1644444792	n=6	avg=1403.17	stddev=55.53	bps=673520.00
Time:1644444792	n=6	avg=946.00	stddev=407.28	bps=454080.00
Time:1644444792	n=6	avg=1065.67	stddev=397.41	bps=511520.00
Time:1644444792	n=5	avg=878.80	stddev=634.45	bps=351520.00
Time:1644444792	n=3	avg=992.67	stddev=598.06	bps=238240.00
Time:1644444792	n=5	avg=1054.00	stddev=463.87	bps=421600.00
Time:1644444792	n=3	avg=1030.00	stddev=466.07	bps=247200.00
Time:1644444792	n=6	avg=1146.83	stddev=341.20	bps=550480.00
Time:1644444793	n=4	avg=896.75	stddev=542.51	bps=286960.00
Time:1644444793	n=5	avg=1145.40	stddev=344.25	bps=458160.00
Time:1644444793	n=3	avg=1186.33	stddev=293.00	bps=284720.00
Time:1644444793	n=3	avg=1136.00	stddev=350.58	bps=272640.00
Time:1644444793	n=5	avg=1409.80	stddev=36.40	bps=563920.00
Time:1644444793	n=5	avg=1117.00	stddev=428.69	bps=446800.00
Time:1644444793	n=2	avg=1171.00	stddev=257.00	bps=187360.00
Time:1644444793	n=6	avg=961.83	stddev=453.70	bps=461680.00
Time:1644444793	n=3	avg=1090.00	stddev=478.00	bps=261600.00
Time:1644444793	n=10	avg=1099.90	stddev=405.85	bps=879920.00
Time:1644444794	n=2	avg=1381.50	stddev=16.50	bps=221040.00
Time:1644444794	n=3	avg=1003.00	stddev=548.18	bps=240720.00
Time:1644444794	n=6	avg=860.17	stddev=571.03	bps=412880.00
Time:1644444794	n=4	avg=1101.50	stddev=356.38	bps=352480.00
Time:1644444794	n=6	avg=843.33	stddev=594.76	bps=404800.00
Time:1644444794	n=4	avg=889.00	stddev=548.67	bps=284480.00
Time:1644444794	n=8	avg=1210.88	stddev=381.40	bps=774960.00
Time:1644444794	n=4	avg=978.25	stddev=492.40	bps=313040.00
Time:1644444794	n=6	avg=982.33	stddev=454.06	bps=471520.00
Time:1644444794	n=6	avg=999.50	stddev=442.37	bps=479760.00
Time:1644444795	n=4	avg=967.75	stddev=465.38	bps=309680.00
Time:1644444795	n=4	avg=1068.50	stddev=499.63	bps=341920.00
Time:1644444795	n=1	avg=1395.00	stddev=0.00	bps=111600.00
Time:1644444795	n=7	avg=1070.57	stddev=467.00	bps=599520.00
Time:1644444795	n=5	avg=878.40	stddev=553.88	bps=351360.00
Time:1644444795	n=1	avg=1428.00	stddev=0.00	bps=114240.00
Time:1644444795	n=6	avg=852.17	stddev=576.24	bps=409040.00
Time:1644444795	n=9	avg=1087.78	stddev=454.27	bps=783200.00
Time:1644444795	n=4	avg=1118.75	stddev=401.67	bps=358000.00
Time:1644444795	n=5	avg=972.00	stddev=457.45	bps=388800.00
Time:1644444796	n=4	avg=918.25	stddev=510.72	bps=293840.00
Time:1644444796	n=6	avg=836.17	stddev=598.30	bps=401360.00
Time:1644444796	n=4	avg=1014.75	stddev=446.60	bps=324720.00
Time:1644444796	n=7	avg=1095.86	stddev=419.90	bps=613680.00
Time:1644444796	n=4	avg=914.50	stddev=513.51	bps=292640.00
Time:1644444796	n=2	avg=1148.00	stddev=280.00	bps=183680.00
Time:1644444796	n=8	avg=908.00	stddev=521.20	bps=581120.00
Time:1644444796	n=2	avg=1220.50	stddev=207.50	bps=195280.00
Time:1644444796	n=8	avg=871.88	stddev=556.23	bps=558000.00
Time:1644444796	n=6	avg=1219.33	stddev=244.35	bps=585280.00
Time:1644444797	n=5	avg=1063.80	stddev=452.62	bps=425520.00
Time:1644444797	n=4	avg=953.25	stddev=478.76	bps=305040.00
Time:1644444797	n=6	avg=953.00	stddev=492.42	bps=457440.00
Time:1644444797	n=6	avg=875.67	stddev=554.94	bps=420320.00
Time:1644444797	n=4	avg=1010.75	stddev=437.81	bps=323440.00
Time:1644444797	n=6	avg=1101.00	stddev=463.79	bps=528480.00
Time:1644444797	n=6	avg=972.83	stddev=475.81	bps=466960.00
Time:1644444797	n=5	avg=923.00	stddev=619.05	bps=369200.00
Time:1644444797	n=3	avg=840.33	stddev=418.57	bps=201680.00
Time:1644444797	n=6	avg=842.00	stddev=591.44	bps=404160.00
Time:1644444798	n=5	avg=919.00	stddev=618.94	bps=367600.00
Time:1644444798	n=4	avg=1274.00	stddev=192.36	bps=407680.00
Time:1644444798	n=7	avg=1078.29	stddev=515.50	bps=603840.00
Time:1644444798	n=6	avg=1021.83	stddev=432.23	bps=490480.00
Time:1644444798	n=4	avg=848.75	stddev=579.51	bps=271600.00
Time:1644444798	n=5	avg=921.20	stddev=518.73	bps=368480.00
Time:1644444798	n=3	avg=1060.33	stddev=349.73	bps=254480.00
Time:1644444798	n=6	avg=1045.00	stddev=481.98	bps=501600.00
Time:1644444798	n=1	avg=1349.00	stddev=0.00	bps=107920.00
Time:1644444798	n=6	avg=995.33	stddev=566.55	bps=477760.00
Time:1644444799	n=5	avg=970.40	stddev=557.93	bps=388160.00
Time:1644444799	n=4	avg=1165.00	stddev=435.99	bps=372800.00
Time:1644444799	n=4	avg=884.00	stddev=549.14	bps=282880.00
Time:1644444799	n=4	avg=1049.00	stddev=572.60	bps=335680.00
Time:1644444799	n=7	avg=1195.86	stddev=422.16	bps=669680.00
Time:1644444799	n=3	avg=1183.33	stddev=312.68	bps=284000.00
Time:1644444799	n=4	avg=1072.00	stddev=244.04	bps=343040.00
Time:1644444799	n=6	avg=813.17	stddev=627.43	bps=390320.00
Time:1644444799	n=4	avg=851.50	stddev=579.00	bps=272480.00
Time:1644444799	n=6	avg=942.33	stddev=491.50	bps=452320.00
Time:1644444800	n=4	avg=904.25	stddev=524.57	bps=289360.00
Time:1644444800	n=6	avg=907.50	stddev=522.57	bps=435600.00
Time:1644444800	n=5	avg=1166.60	stddev=493.83	bps=466640.00
Time:1644444800	n=4	avg=1031.00	stddev=413.84	bps=329920.00
Time:1644444800	n=3	avg=939.33	stddev=507.96	bps=225440.00
Time:1644444800	n=2	avg=771.50	stddev=656.50	bps=123440.00
Time:1644444800	n=10	avg=1216.00	stddev=296.00	bps=972800.00
Time:1644444800	n=4	avg=820.25	stddev=607.75	bps=262480.00
Time:1644444800	n=4	avg=834.25	stddev=594.82	bps=266960.00
Time:1644444800	n=4	avg=808.00	stddev=560.75	bps=258560.00
Time:1644444801	n=6	avg=852.00	stddev=579.12	bps=408960.00
Time:1644444801	n=4	avg=1292.00	stddev=219.14	bps=413440.00
Time:1644444801	n=4	avg=957.25	stddev=463.39	bps=306320.00
Time:1644444801	n=4	avg=1117.00	stddev=527.18	bps=357440.00
Time:1644444801	n=3	avg=1011.67	stddev=535.76	bps=242800.00
Time:1644444801	n=3	avg=990.67	stddev=575.20	bps=237760.00
Time:1644444801	n=3	avg=970.00	stddev=622.43	bps=232800.00
Time:1644444801	n=5	avg=1208.40	stddev=424.85	bps=483360.00
Time:1644444801	n=5	avg=1280.00	stddev=238.06	bps=512000.00
Time:1644444801	n=4	avg=979.00	stddev=541.57	bps=313280.00
Time:1644444802	n=3	avg=945.00	stddev=618.47	bps=226800.00
Time:1644444802	n=5	avg=1211.80	stddev=189.10	bps=484720.00
Time:1644444802	n=4	avg=1081.25	stddev=519.55	bps=346000.00
Time:1644444802	n=4	avg=920.75	stddev=568.34	bps=294640.00
Time:1644444802	n=5	avg=866.80	stddev=632.05	bps=346720.00
Time:1644444802	n=5	avg=901.00	stddev=605.06	bps=360400.00
Time:1644444802	n=3	avg=1002.33	stddev=585.10	bps=240560.00
Time:1644444802	n=3	avg=1112.00	stddev=387.01	bps=266880.00
Time:1644444802	n=0	avg=0.00	stddev=0.00	bps=0.00
Time:1644444802	n=3	avg=1051.67	stddev=502.12	bps=252400.00
Time:1644444803	n=11	avg=1196.91	stddev=442.30	bps=1053280.00
Time:1644444803	n=4	avg=925.50	stddev=485.20	bps=296160.00
Time:1644444803	n=4	avg=897.00	stddev=555.14	bps=287040.00
Time:1644444803	n=8	avg=1025.00	stddev=534.88	bps=656000.00
Time:1644444803	n=4	avg=775.75	stddev=653.23	bps=248240.00
Time:1644444803	n=6	avg=973.33	stddev=535.11	bps=467200.00
Time:1644444803	n=4	avg=904.25	stddev=524.04	bps=289360.00
Time:1644444803	n=6	avg=882.67	stddev=551.00	bps=423680.00
Time:1644444803	n=5	avg=927.00	stddev=614.01	bps=370800.00
Time:1644444803	n=6	avg=948.67	stddev=493.47	bps=455360.00
Time:1644444804	n=4	avg=958.00	stddev=477.35	bps=306560.00
Time:1644444804	n=5	avg=1148.00	stddev=521.40	bps=459200.00
Time:1644444804	n=9	avg=1078.22	stddev=511.14	bps=776320.00
Time:1644444804	n=3	avg=1320.00	stddev=152.74	bps=316800.00
Time:1644444804	n=7	avg=1152.14	stddev=272.77	bps=645200.00
Time:1644444804	n=6	avg=1133.33	stddev=294.76	bps=544000.00
Time:1644444804	n=4	avg=1130.25	stddev=303.97	bps=361680.00
Time:1644444804	n=4	avg=1108.25	stddev=323.40	bps=354640.00
Time:1644444804	n=6	avg=1109.17	stddev=441.76	bps=532400.00
Time:1644444804	n=4	avg=1046.50	stddev=381.98	bps=334880.00
Time:1644444805	n=5	avg=1182.00	stddev=301.42	bps=472800.00
Time:1644444805	n=6	avg=1011.33	stddev=433.48	bps=485440.00
Time:1644444805	n=5	avg=864.20	stddev=461.27	bps=345680.00
Time:1644444805	n=6	avg=1197.67	stddev=342.80	bps=574880.00
Time:1644444805	n=5	avg=1053.60	stddev=497.71	bps=421440.00
Time:1644444805	n=5	avg=1048.00	stddev=321.54	bps=419200.00
Time:1644444805	n=6	avg=995.00	stddev=436.32	bps=477600.00
Time:1644444805	n=4	avg=1015.00	stddev=454.11	bps=324800.00
Time:1644444805	n=6	avg=882.17	stddev=556.60	bps=423440.00
Time:1644444805	n=5	avg=1092.40	stddev=442.08	bps=436960.00
Time:1644444806	n=4	avg=934.25	stddev=554.70	bps=298960.00
Time:1644444806	n=4	avg=857.75	stddev=570.30	bps=274480.00
Time:1644444806	n=6	avg=1004.83	stddev=463.59	bps=482320.00
Time:1644444806	n=4	avg=906.25	stddev=555.46	bps=290000.00
Time:1644444806	n=5	avg=982.00	stddev=547.70	bps=392800.00
Time:1644444806	n=4	avg=941.50	stddev=493.02	bps=301280.00
Time:1644444806	n=9	avg=1229.00	stddev=359.76	bps=884880.00
Time:1644444806	n=4	avg=1146.25	stddev=290.75	bps=366800.00
Time:1644444806	n=6	avg=1046.33	stddev=438.73	bps=502240.00
Time:1644444806	n=3	avg=1049.33	stddev=535.52	bps=251840.00
Time:1644444807	n=7	avg=1016.57	stddev=422.68	bps=569280.00
Time:1644444807	n=5	avg=1243.80	stddev=274.59	bps=497520.00
Time:1644444807	n=2	avg=1068.00	stddev=360.00	bps=170880.00
Time:1644444807	n=6	avg=1063.17	stddev=367.35	bps=510320.00
Time:1644444807	n=7	avg=1157.29	stddev=255.56	bps=648080.00
Time:1644444807	n=4	avg=1234.75	stddev=256.49	bps=395120.00
Time:1644444807	n=6	avg=1331.67	stddev=112.53	bps=639200.00
Time:1644444807	n=7	avg=1275.00	stddev=292.77	bps=714000.00
Time:1644444807	n=9	avg=1121.56	stddev=511.83	bps=807520.00
Time:1644444807	n=6	avg=918.17	stddev=525.12	bps=440720.00
Time:1644444808	n=4	avg=962.50	stddev=481.49	bps=308000.00
Time:1644444808	n=6	avg=969.50	stddev=463.63	bps=465360.00
Time:1644444808	n=4	avg=945.00	stddev=501.91	bps=302400.00
Time:1644444808	n=5	avg=936.40	stddev=602.28	bps=374560.00
Time:1644444808	n=6	avg=832.17	stddev=601.69	bps=399440.00
Time:1644444808	n=5	avg=1028.00	stddev=461.30	bps=411200.00
Time:1644444808	n=4	avg=1042.75	stddev=463.52	bps=333680.00
Time:1644444808	n=6	avg=1179.50	stddev=307.60	bps=566160.00
Time:1644444808	n=4	avg=1114.00	stddev=314.67	bps=356480.00
Time:1644444808	n=7	avg=1351.86	stddev=180.06	bps=757040.00
Time:1644444809	n=6	avg=1112.00	stddev=334.67	bps=533760.00
Time:1644444809	n=4	avg=1078.25	stddev=362.82	bps=345040.00
Time:1644444809	n=6	avg=962.33	stddev=468.31	bps=461920.00
Time:1644444809	n=4	avg=1161.75	stddev=305.72	bps=371760.00
Time:1644444809	n=6	avg=1057.33	stddev=374.66	bps=507520.00
Time:1644444809	n=6	avg=1117.67	stddev=505.08	bps=536480.00
Time:1644444809	n=5	avg=1155.00	stddev=334.40	bps=462000.00
Time:1644444809	n=4	avg=1364.75	stddev=85.09	bps=436720.00
Time:1644444809	n=7	avg=1265.43	stddev=272.81	bps=708640.00
Time:1644444809	n=6	avg=1284.83	stddev=162.99	bps=616720.00
Time:1644444810	n=5	avg=1084.20	stddev=451.92	bps=433680.00
Time:1644444810	n=6	avg=1140.50	stddev=497.81	bps=547440.00
Time:1644444810	n=10	avg=1218.00	stddev=369.55	bps=974400.00
Time:1644444810	n=5	avg=1275.40	stddev=187.09	bps=510160.00
Time:1644444810	n=6	avg=1161.83	stddev=287.20	bps=557680.00
Time:1644444810	n=4	avg=1228.25	stddev=199.79	bps=393040.00
Time:1644444810	n=6	avg=1394.17	stddev=38.52	bps=669200.00
Time:1644444810	n=6	avg=1182.67	stddev=391.73	bps=567680.00
Time:1644444810	n=5	avg=1201.20	stddev=205.38	bps=480480.00
Time:1644444810	n=9	avg=1100.44	stddev=497.90	bps=792320.00
Time:1644444811	n=6	avg=1080.17	stddev=493.45	bps=518480.00
Time:1644444811	n=6	avg=1332.33	stddev=179.76	bps=639520.00
Time:1644444811	n=5	avg=1291.40	stddev=161.72	bps=516560.00
Time:1644444811	n=7	avg=1359.14	stddev=144.24	bps=761120.00
Time:1644444811	n=9	avg=1092.89	stddev=478.61	bps=786880.00
Time:1644444811	n=4	avg=1164.00	stddev=264.50	bps=372480.00
Time:1644444811	n=5	avg=1162.60	stddev=328.35	bps=465040.00
Time:1644444811	n=4	avg=1078.75	stddev=460.06	bps=345200.00
Time:1644444811	n=8	avg=1137.38	stddev=322.63	bps=727920.00
Time:1644444811	n=6	avg=1198.50	stddev=277.23	bps=575280.00
Time:1644444812	n=6	avg=1112.33	stddev=459.02	bps=533920.00
Time:1644444812	n=6	avg=1057.33	stddev=526.83	bps=507520.00
Time:1644444812	n=2	avg=1399.50	stddev=28.50	bps=223920.00
Time:1644444812	n=10	avg=1138.10	stddev=417.07	bps=910480.00
Time:1644444812	n=4	avg=1131.25	stddev=296.78	bps=362000.00
Time:1644444812	n=6	avg=1352.83	stddev=160.60	bps=649360.00
Time:1644444812	n=8	avg=1190.50	stddev=426.23	bps=761920.00
Time:1644444812	n=7	avg=1210.14	stddev=351.72	bps=677680.00
Time:1644444812	n=4	avg=1087.25	stddev=344.08	bps=347920.00
Time:1644444812	n=4	avg=1101.50	stddev=387.83	bps=352480.00
Time:1644444813	n=6	avg=938.00	stddev=514.59	bps=450240.00
Time:1644444813	n=6	avg=1030.67	stddev=412.23	bps=494720.00
Time:1644444813	n=4	avg=1108.50	stddev=319.70	bps=354720.00
Time:1644444813	n=6	avg=921.83	stddev=514.63	bps=442480.00
Time:1644444813	n=4	avg=1042.50	stddev=442.77	bps=333600.00
Time:1644444813	n=4	avg=1056.75	stddev=498.40	bps=338160.00
Time:1644444813	n=3	avg=968.67	stddev=492.24	bps=232480.00
Time:1644444813	n=1	avg=1100.00	stddev=0.00	bps=88000.00
Time:1644444813	n=8	avg=1102.88	stddev=504.20	bps=705840.00
Time:1644444813	n=6	avg=814.33	stddev=613.72	bps=390880.00
Time:1644444814	n=3	avg=1117.33	stddev=404.01	bps=268160.00
Time:1644444814	n=4	avg=790.50	stddev=637.67	bps=252960.00
Time:1644444814	n=6	avg=910.17	stddev=522.73	bps=436880.00
Time:1644444814	n=6	avg=935.17	stddev=503.26	bps=448880.00
Time:1644444814	n=4	avg=930.25	stddev=506.36	bps=297680.00
Time:1644444814	n=6	avg=872.83	stddev=571.67	bps=418960.00
Time:1644444814	n=4	avg=755.75	stddev=672.67	bps=241840.00
Time:1644444814	n=4	avg=1087.50	stddev=391.73	bps=348000.00
Time:1644444814	n=4	avg=992.00	stddev=492.20	bps=317440.00
Time:1644444814	n=5	avg=1157.40	stddev=515.59	bps=462960.00
Time:1644444815	n=7	avg=970.71	stddev=582.06	bps=543600.00
Time:1644444815	n=3	avg=1014.33	stddev=478.96	bps=243440.00
Time:1644444815	n=5	avg=1085.60	stddev=491.73	bps=434240.00
Time:1644444815	n=4	avg=1148.00	stddev=316.93	bps=367360.00
Time:1644444815	n=4	avg=810.75	stddev=617.26	bps=259440.00
Time:1644444815	n=5	avg=939.20	stddev=603.69	bps=375680.00
Time:1644444815	n=5	avg=936.00	stddev=513.55	bps=374400.00
Time:1644444815	n=4	avg=895.25	stddev=536.01	bps=286480.00
Time:1644444815	n=2	avg=1025.50	stddev=402.50	bps=164080.00
Time:1644444815	n=7	avg=846.71	stddev=641.94	bps=474160.00
Time:1644444816	n=6	avg=896.17	stddev=571.80	bps=430160.00
Time:1644444816	n=4	avg=890.50	stddev=538.21	bps=284960.00
Time:1644444816	n=7	avg=1274.00	stddev=346.27	bps=713440.00
Time:1644444816	n=5	avg=989.00	stddev=555.68	bps=395600.00
Time:1644444816	n=4	avg=963.25	stddev=537.01	bps=308240.00
Time:1644444816	n=2	avg=929.00	stddev=499.00	bps=148640.00
Time:1644444816	n=5	avg=1097.00	stddev=528.47	bps=438800.00
Time:1644444816	n=6	avg=866.50	stddev=593.95	bps=415920.00
Time:1644444816	n=4	avg=953.75	stddev=529.65	bps=305200.00
Time:1644444816	n=5	avg=967.80	stddev=520.28	bps=387120.00
Time:1644444817	n=4	avg=1090.25	stddev=455.16	bps=348880.00
Time:1644444817	n=5	avg=895.20	stddev=574.63	bps=358080.00
Time:1644444817	n=4	avg=789.50	stddev=640.76	bps=252640.00
Time:1644444817	n=3	avg=1147.67	stddev=301.05	bps=275440.00
Time:1644444817	n=9	avg=1061.56	stddev=553.38	bps=764320.00
Time:1644444817	n=1	avg=1036.00	stddev=0.00	bps=82880.00
Time:1644444817	n=3	avg=612.67	stddev=588.89	bps=147040.00
Time:1644444817	n=7	avg=846.86	stddev=607.62	bps=474240.00
Time:1644444817	n=5	avg=1085.60	stddev=328.81	bps=434240.00
Time:1644444817	n=5	avg=1294.20	stddev=192.76	bps=517680.00
Time:1644444818	n=3	avg=882.33	stddev=305.95	bps=211760.00
Time:1644444818	n=1	avg=1333.00	stddev=0.00	bps=106640.00
Time:1644444818	n=5	avg=1117.00	stddev=463.97	bps=446800.00
Time:1644444818	n=4	avg=1112.75	stddev=523.75	bps=356080.00
Time:1644444818	n=5	avg=968.60	stddev=447.45	bps=387440.00
Time:1644444818	n=4	avg=1074.50	stddev=557.14	bps=343840.00
Time:1644444818	n=9	avg=1162.11	stddev=475.94	bps=836720.00
Time:1644444818	n=6	avg=969.67	stddev=527.34	bps=465440.00
Time:1644444818	n=5	avg=1208.00	stddev=337.75	bps=483200.00
Time:1644444818	n=4	avg=989.00	stddev=440.91	bps=316480.00
Time:1644444819	n=6	avg=917.50	stddev=522.32	bps=440400.00
Time:1644444819	n=4	avg=914.50	stddev=515.49	bps=292640.00
Time:1644444819	n=5	avg=837.20	stddev=576.75	bps=334880.00
Time:1644444819	n=3	avg=955.33	stddev=559.80	bps=229280.00
Time:1644444819	n=7	avg=1197.86	stddev=360.18	bps=670800.00
Time:1644444819	n=6	avg=868.33	stddev=575.92	bps=416800.00
Time:1644444819	n=2	avg=1236.00	stddev=83.00	bps=197760.00
Time:1644444819	n=6	avg=1059.50	stddev=534.22	bps=508560.00
Time:1644444819	n=5	avg=1242.60	stddev=227.46	bps=497040.00
Time:1644444819	n=4	avg=778.75	stddev=650.90	bps=249200.00
Time:1644444820	n=5	avg=1069.80	stddev=454.17	bps=427920.00
Time:1644444820	n=4	avg=821.25	stddev=607.68	bps=262800.00
Time:1644444820	n=5	avg=916.80	stddev=621.36	bps=366720.00
Time:1644444820	n=4	avg=1091.75	stddev=475.51	bps=349360.00
Time:1644444820	n=3	avg=1326.33	stddev=101.43	bps=318320.00
Time:1644444820	n=2	avg=899.00	stddev=529.00	bps=143840.00
Time:1644444820	n=7	avg=936.14	stddev=581.27	bps=524240.00
Time:1644444820	n=5	avg=850.60	stddev=649.00	bps=340240.00
Time:1644444820	n=4	avg=925.00	stddev=530.86	bps=296000.00
Time:1644444820	n=5	avg=970.00	stddev=560.96	bps=388000.00
Time:1644444821	n=8	avg=1076.75	stddev=456.61	bps=689120.00
Time:1644444821	n=3	avg=1330.33	stddev=104.95	bps=319280.00
Time:1644444821	n=3	avg=1005.33	stddev=524.58	bps=241280.00
Time:1644444821	n=2	avg=1323.50	stddev=100.50	bps=211760.00
Time:1644444821	n=5	avg=1048.40	stddev=372.85	bps=419360.00
Time:1644444821	n=4	avg=969.25	stddev=301.00	bps=310160.00
Time:1644444821	n=3	avg=1004.33	stddev=476.29	bps=241040.00
Time:1644444821	n=4	avg=962.75	stddev=483.77	bps=308080.00
Time:1644444821	n=5	avg=1256.80	stddev=178.36	bps=502720.00
Time:1644444821	n=5	avg=841.20	stddev=588.64	bps=336480.00
Time:1644444822	n=3	avg=1014.00	stddev=537.43	bps=243360.00
Time:1644444822	n=6	avg=1032.83	stddev=560.55	bps=495760.00
Time:1644444822	n=9	avg=1317.56	stddev=298.40	bps=948640.00
Time:1644444822	n=7	avg=989.29	stddev=516.78	bps=554000.00
Time:1644444822	n=4	avg=1077.75	stddev=367.74	bps=344880.00
Time:1644444822	n=4	avg=1082.50	stddev=521.91	bps=346400.00
Time:1644444822	n=3	avg=1072.33	stddev=393.40	bps=257360.00
Time:1644444822	n=5	avg=928.00	stddev=611.71	bps=371200.00
Time:1644444822	n=3	avg=1118.33	stddev=336.23	bps=268400.00
Time:1644444822	n=2	avg=882.00	stddev=546.00	bps=141120.00
Time:1644444823	n=6	avg=1002.33	stddev=487.81	bps=481120.00
Time:1644444823	n=4	avg=871.00	stddev=567.54	bps=278720.00
Time:1644444823	n=4	avg=909.00	stddev=448.34	bps=290880.00
Time:1644444823	n=5	avg=1174.00	stddev=351.87	bps=469600.00
Time:1644444823	n=5	avg=1104.40	stddev=478.79	bps=441760.00
Time:1644444823	n=3	avg=957.67	stddev=475.66	bps=229840.00
Time:1644444823	n=6	avg=1211.67	stddev=417.23	bps=581600.00
Time:1644444823	n=2	avg=1009.00	stddev=83.00	bps=161440.00
Time:1644444823	n=4	avg=991.00	stddev=471.18	bps=317120.00
Time:1644444823	n=5	avg=927.80	stddev=537.88	bps=371120.00
Time:1644444824	n=4	avg=777.00	stddev=651.06	bps=248640.00
Time:1644444824	n=3	avg=989.67	stddev=551.38	bps=237520.00
Time:1644444824	n=4	avg=1304.25	stddev=86.68	bps=417360.00
Time:1644444824	n=2	avg=1389.50	stddev=15.50	bps=222320.00
Time:1644444824	n=2	avg=797.50	stddev=630.50	bps=127600.00
Time:1644444824	n=5	avg=1033.40	stddev=499.37	bps=413360.00
Time:1644444824	n=8	avg=1080.50	stddev=539.68	bps=691520.00
Time:1644444824	n=5	avg=894.20	stddev=590.66	bps=357680.00
Time:1644444824	n=2	avg=967.00	stddev=461.00	bps=154720.00
Time:1644444824	n=7	avg=920.14	stddev=586.82	bps=515280.00
Time:1644444825	n=5	avg=759.60	stddev=548.49	bps=303840.00
Time:1644444825	n=6	avg=1009.00	stddev=549.81	bps=484320.00
Time:1644444825	n=2	avg=1258.00	stddev=154.00	bps=201280.00
Time:1644444825	n=1	avg=1428.00	stddev=0.00	bps=114240.00
Time:1644444825	n=7	avg=859.00	stddev=628.75	bps=481040.00
Time:1644444825	n=5	avg=1036.20	stddev=512.21	bps=414480.00
Time:1644444825	n=2	avg=1174.00	stddev=27.00	bps=187840.00
Time:1644444825	n=4	avg=1035.00	stddev=538.67	bps=331200.00
Time:1644444825	n=4	avg=1391.75	stddev=62.79	bps=445360.00
Time:1644444825	n=4	avg=1316.25	stddev=97.80	bps=421200.00
Time:1644444826	n=2	avg=1190.50	stddev=10.50	bps=190480.00
Time:1644444826	n=5	avg=1146.80	stddev=213.64	bps=458720.00
Time:1644444826	n=2	avg=1080.50	stddev=118.50	bps=172880.00
Time:1644444826	n=1	avg=1110.00	stddev=0.00	bps=88800.00
