Time:1644443731	n=12	avg=120.00	stddev=0.00	bps=115200.00
Time:1644443731	n=11	avg=120.00	stddev=0.00	bps=105600.00
Time:1644443731	n=9	avg=120.00	stddev=0.00	bps=86400.00
Time:1644443731	n=10	avg=120.00	stddev=0.00	bps=96000.00
Time:1644443732	n=10	avg=120.00	stddev=0.00	bps=96000.00
Time:1644443732	n=8	avg=120.00	stddev=0.00	bps=76800.00
Time:1644443732	n=12	avg=120.00	stddev=0.00	bps=115200.00
Time:1644443732	n=10	avg=120.00	stddev=0.00	bps=96000.00
Time:1644443732	n=11	avg=120.00	stddev=0.00	bps=105600.00
Time:1644443732	n=10	avg=120.00	stddev=0.00	bps=96000.00
Time:1644443732	n=10	avg=120.00	stddev=0.00	bps=96000.00
Time:1644443732	n=3	avg=120.00	stddev=0.00	bps=28800.00
Time:1644443732	n=9	avg=120.00	stddev=0.00	bps=86400.00
Time:1644443732	n=18	avg=120.00	stddev=0.00	bps=172800.00
Time:1644443733	n=9	avg=120.00	stddev=0.00	bps=86400.00
Time:1644443733	n=11	avg=120.00	stddev=0.00	bps=105600.00
Time:1644443733	n=6	avg=120.00	stddev=0.00	bps=57600.00
Time:1644443733	n=7	avg=120.00	stddev=0.00	bps=67200.00
Time:1644443733	n=16	avg=120.00	stddev=0.00	bps=153600.00
Time:1644443733	n=7	avg=120.00	stddev=0.00	bps=67200.00
Time:1644443733	n=14	avg=120.00	stddev=0.00	bps=134400.00
Time:1644443733	n=10	avg=120.00	stddev=0.00	bps=96000.00
Time:1644443733	n=10	avg=120.00	stddev=0.00	bps=96000.00
Time:1644443733	n=7	avg=120.00	stddev=0.00	bps=67200.00
Time:1644443734	n=9	avg=120.00	stddev=0.00	bps=86400.00
Time:1644443734	n=13	avg=120.00	stddev=0.00	bps=124800.00
Time:1644443734	n=9	avg=120.00	stddev=0.00	bps=86400.00
Time:1644443734	n=10	avg=120.00	stddev=0.00	bps=96000.00
Time:1644443734	n=6	avg=120.00	stddev=0.00	bps=57600.00
Time:1644443734	n=16	avg=120.00	stddev=0.00	bps=153600.00
Time:1644443734	n=9	avg=120.00	stddev=0.00	bps=86400.00
Time:1644443734	n=11	avg=120.00	stddev=0.00	bps=105600.00
Time:1644443734	n=10	avg=120.00	stddev=0.00	bps=96000.00
Time:1644443734	n=10	avg=120.00	stddev=0.00	bps=96000.00
Time:1644443735	n=10	avg=120.00	stddev=0.00	bps=96000.00
Time:1644443735	n=10	avg=120.00	stddev=0.00	bps=96000.00
Time:1644443735	n=10	avg=120.00	stddev=0.00	bps=96000.00
Time:1644443735	n=8	avg=120.00	stddev=0.00	bps=76800.00
Time:1644443735	n=10	avg=120.00	stddev=0.00	bps=96000.00
Time:1644443735	n=11	avg=120.00	stddev=0.00	bps=105600.00
Time:1644443735	n=8	avg=120.00	stddev=0.00	bps=76800.00
Time:1644443735	n=11	avg=120.00	stddev=0.00	bps=105600.00
Time:1644443735	n=11	avg=120.00	stddev=0.00	bps=105600.00
Time:1644443735	n=10	avg=120.00	stddev=0.00	bps=96000.00
Time:1644443736	n=9	avg=120.00	stddev=0.00	bps=86400.00
Time:1644443736	n=11	avg=120.00	stddev=0.00	bps=105600.00
Time:1644443736	n=11	avg=120.00	stddev=0.00	bps=105600.00
Time:1644443736	n=8	avg=120.00	stddev=0.00	bps=76800.00
Time:1644443736	n=11	avg=120.00	stddev=0.00	bps=105600.00
Time:1644443736	n=11	avg=120.00	stddev=0.00	bps=105600.00
Time:1644443736	n=9	avg=120.00	stddev=0.00	bps=86400.00
Time:1644443736	n=11	avg=120.00	stddev=0.00	bps=105600.00
Time:1644443736	n=10	avg=120.00	stddev=0.00	bps=96000.00
Time:1644443736	n=10	avg=120.00	stddev=0.00	bps=96000.00
Time:1644443737	n=10	avg=120.00	stddev=0.00	bps=96000.00
Time:1644443737	n=10	avg=120.00	stddev=0.00	bps=96000.00
Time:1644443737	n=10	avg=120.00	stddev=0.00	bps=96000.00
Time:1644443737	n=10	avg=120.00	stddev=0.00	bps=96000.00
Time:1644443737	n=10	avg=120.00	stddev=0.00	bps=96000.00
Time:1644443737	n=10	avg=120.00	stddev=0.00	bps=96000.00
Time:1644443737	n=10	avg=120.00	stddev=0.00	bps=96000.00
Time:1644443737	n=10	avg=120.00	stddev=0.00	bps=96000.00
Time:1644443737	n=10	avg=120.00	stddev=0.00	bps=96000.00
Time:1644443737	n=10	avg=120.00	stddev=0.00	bps=96000.00
Time:1644443738	n=9	avg=120.00	stddev=0.00	bps=86400.00
Time:1644443738	n=11	avg=120.00	stddev=0.00	bps=105600.00
Time:1644443738	n=10	avg=120.00	stddev=0.00	bps=96000.00
Time:1644443738	n=10	avg=120.00	stddev=0.00	bps=96000.00
Time:1644443738	n=10	avg=120.00	stddev=0.00	bps=96000.00
Time:1644443738	n=9	avg=120.00	stddev=0.00	bps=86400.00
Time:1644443738	n=10	avg=120.00	stddev=0.00	bps=96000.00
Time:1644443738	n=10	avg=120.00	stddev=0.00	bps=96000.00
Time:1644443738	n=10	avg=120.00	stddev=0.00	bps=96000.00
Time:1644443738	n=10	avg=120.00	stddev=0.00	bps=96000.00
Time:1644443739	n=11	avg=120.00	stddev=0.00	bps=105600.00
Time:1644443739	n=10	avg=120.00	stddev=0.00	bps=96000.00
Time:1644443739	n=10	avg=120.00	stddev=0.00	bps=96000.00
Time:1644443739	n=8	avg=120.00	stddev=0.00	bps=76800.00
Time:1644443739	n=11	avg=120.00	stddev=0.00	bps=105600.00
Time:1644443739	n=11	avg=120.00	stddev=0.00	bps=105600.00
Time:1644443739	n=8	avg=120.00	stddev=0.00	bps=76800.00
Time:1644443739	n=8	avg=120.00	stddev=0.00	bps=76800.00
Time:1644443739	n=9	avg=120.00	stddev=0.00	bps=86400.00
Time:1644443739	n=13	avg=120.00	stddev=0.00	bps=124800.00
Time:1644443740	n=7	avg=120.00	stddev=0.00	bps=67200.00
Time:1644443740	n=12	avg=120.00	stddev=0.00	bps=115200.00
Time:1644443740	n=12	avg=120.00	stddev=0.00	bps=115200.00
Time:1644443740	n=11	avg=120.00	stddev=0.00	bps=105600.00
Time:1644443740	n=10	avg=120.00	stddev=0.00	bps=96000.00
Time:1644443740	n=10	avg=120.00	stddev=0.00	bps=96000.00
Time:1644443740	n=6	avg=120.00	stddev=0.00	bps=57600.00
Time:1644443740	n=14	avg=120.00	stddev=0.00	bps=134400.00
Time:1644443740	n=9	avg=120.00	stddev=0.00	bps=86400.00
Time:1644443740	n=11	avg=120.00	stddev=0.00	bps=105600.00
Time:1644443741	n=10	avg=120.00	stddev=0.00	bps=96000.00
Time:1644443741	n=10	avg=120.00	stddev=0.00	bps=96000.00
Time:1644443741	n=10	avg=120.00	stddev=0.00	bps=96000.00
Time:1644443741	n=8	avg=120.00	stddev=0.00	bps=76800.00
Time:1644443741	n=10	avg=120.00	stddev=0.00	bps=96000.00
Time:1644443741	n=11	avg=120.00	stddev=0.00	bps=105600.00
Time:1644443741	n=10	avg=120.00	stddev=0.00	bps=96000.00
Time:1644443741	n=10	avg=120.00	stddev=0.00	bps=96000.00
Time:1644443741	n=10	avg=120.00	stddev=0.00	bps=96000.00
Time:1644443741	n=10	avg=120.00	stddev=0.00	bps=96000.00
Time:1644443742	n=10	avg=120.00	stddev=0.00	bps=96000.00
Time:1644443742	n=10	avg=120.00	stddev=0.00	bps=96000.00
Time:1644443742	n=10	avg=120.00	stddev=0.00	bps=96000.00
Time:1644443742	n=7	avg=120.00	stddev=0.00	bps=67200.00
Time:1644443742	n=10	avg=120.00	stddev=0.00	bps=96000.00
Time:1644443742	n=13	avg=120.00	stddev=0.00	bps=124800.00
Time:1644443742	n=7	avg=120.00	stddev=0.00	bps=67200.00
Time:1644443742	n=9	avg=120.00	stddev=0.00	bps=86400.00
Time:1644443742	n=13	avg=120.00	stddev=0.00	bps=124800.00
Time:1644443742	n=11	avg=120.00	stddev=0.00	bps=105600.00
Time:1644443743	n=9	avg=120.00	stddev=0.00	bps=86400.00
Time:1644443743	n=11	avg=120.00	stddev=0.00	bps=105600.00
Time:1644443743	n=10	avg=120.00	stddev=0.00	bps=96000.00
Time:1644443743	n=10	avg=120.00	stddev=0.00	bps=96000.00
Time:1644443743	n=10	avg=120.00	stddev=0.00	bps=96000.00
Time:1644443743	n=10	avg=120.00	stddev=0.00	bps=96000.00
Time:1644443743	n=10	avg=120.00	stddev=0.00	bps=96000.00
Time:1644443743	n=10	avg=120.00	stddev=0.00	bps=96000.00
Time:1644443743	n=10	avg=120.00	stddev=0.00	bps=96000.00
Time:1644443743	n=10	avg=120.00	stddev=0.00	bps=96000.00
Time:1644443744	n=10	avg=120.00	stddev=0.00	bps=96000.00
Time:1644443744	n=10	avg=120.00	stddev=0.00	bps=96000.00
Time:1644443744	n=9	avg=120.00	stddev=0.00	bps=86400.00
Time:1644443744	n=10	avg=120.00	stddev=0.00	bps=96000.00
Time:1644443744	n=10	avg=120.00	stddev=0.00	bps=96000.00
Time:1644443744	n=10	avg=120.00	stddev=0.00	bps=96000.00
Time:1644443744	n=10	avg=120.00	stddev=0.00	bps=96000.00
Time:1644443744	n=11	avg=120.00	stddev=0.00	bps=105600.00
Time:1644443744	n=10	avg=120.00	stddev=0.00	bps=96000.00
Time:1644443744	n=2	avg=120.00	stddev=0.00	bps=19200.00
Time:1644443745	n=18	avg=120.00	stddev=0.00	bps=172800.00
Time:1644443745	n=7	avg=120.00	stddev=0.00	bps=67200.00
Time:1644443745	n=5	avg=120.00	stddev=0.00	bps=48000.00
Time:1644443745	n=9	avg=120.00	stddev=0.00	bps=86400.00
Time:1644443745	n=12	avg=120.00	stddev=0.00	bps=115200.00
Time:1644443745	n=5	avg=120.00	stddev=0.00	bps=48000.00
Time:1644443745	n=22	avg=120.00	stddev=0.00	bps=211200.00
Time:1644443745	n=9	avg=120.00	stddev=0.00	bps=86400.00
Time:1644443745	n=4	avg=120.00	stddev=0.00	bps=38400.00
Time:1644443745	n=15	avg=120.00	stddev=0.00	bps=144000.00
Time:1644443746	n=12	avg=120.00	stddev=0.00	bps=115200.00
Time:1644443746	n=7	avg=120.00	stddev=0.00	bps=67200.00
Time:1644443746	n=0	avg=0.00	stddev=0.00	bps=0.00
Time:1644443746	n=8	avg=120.00	stddev=0.00	bps=76800.00
Time:1644443746	n=24	avg=120.00	stddev=0.00	bps=230400.00
Time:1644443746	n=10	avg=120.00	stddev=0.00	bps=96000.00
Time:1644443746	n=8	avg=120.00	stddev=0.00	bps=76800.00
Time:1644443746	n=12	avg=120.00	stddev=0.00	bps=115200.00
Time:1644443746	n=10	avg=120.00	stddev=0.00	bps=96000.00
Time:1644443746	n=10	avg=120.00	stddev=0.00	bps=96000.00
Time:1644443747	n=9	avg=120.00	stddev=0.00	bps=86400.00
Time:1644443747	n=11	avg=120.00	stddev=0.00	bps=105600.00
Time:1644443747	n=9	avg=120.00	stddev=0.00	bps=86400.00
Time:1644443747	n=9	avg=120.00	stddev=0.00	bps=86400.00
Time:1644443747	n=11	avg=120.00	stddev=0.00	bps=105600.00
Time:1644443747	n=11	avg=120.00	stddev=0.00	bps=105600.00
Time:1644443747	n=9	avg=120.00	stddev=0.00	bps=86400.00
Time:1644443747	n=8	avg=120.00	stddev=0.00	bps=76800.00
Time:1644443747	n=13	avg=120.00	stddev=0.00	bps=124800.00
Time:1644443747	n=8	avg=120.00	stddev=0.00	bps=76800.00
Time:1644443748	n=9	avg=120.00	stddev=0.00	bps=86400.00
Time:1644443748	n=13	avg=120.00	stddev=0.00	bps=124800.00
Time:1644443748	n=10	avg=120.00	stddev=0.00	bps=96000.00
Time:1644443748	n=7	avg=120.00	stddev=0.00	bps=67200.00
Time:1644443748	n=12	avg=120.00	stddev=0.00	bps=115200.00
Time:1644443748	n=11	avg=120.00	stddev=0.00	bps=105600.00
Time:1644443748	n=9	avg=120.00	stddev=0.00	bps=86400.00
Time:1644443748	n=10	avg=120.00	stddev=0.00	bps=96000.00
Time:1644443748	n=11	avg=120.00	stddev=0.00	bps=105600.00
Time:1644443748	n=7	avg=120.00	stddev=0.00	bps=67200.00
Time:1644443749	n=13	avg=120.00	stddev=0.00	bps=124800.00
Time:1644443749	n=9	avg=120.00	stddev=0.00	bps=86400.00
Time:1644443749	n=11	avg=120.00	stddev=0.00	bps=105600.00
Time:1644443749	n=9	avg=120.00	stddev=0.00	bps=86400.00
Time:1644443749	n=4	avg=120.00	stddev=0.00	bps=38400.00
Time:1644443749	n=16	avg=120.00	stddev=0.00	bps=153600.00
Time:1644443749	n=11	avg=120.00	stddev=0.00	bps=105600.00
Time:1644443749	n=10	avg=120.00	stddev=0.00	bps=96000.00
Time:1644443749	n=10	avg=120.00	stddev=0.00	bps=96000.00
Time:1644443749	n=10	avg=120.00	stddev=0.00	bps=96000.00
Time:1644443750	n=10	avg=120.00	stddev=0.00	bps=96000.00
Time:1644443750	n=10	avg=120.00	stddev=0.00	bps=96000.00
Time:1644443750	n=10	avg=120.00	stddev=0.00	bps=96000.00
Time:1644443750	n=8	avg=120.00	stddev=0.00	bps=76800.00
Time:1644443750	n=12	avg=120.00	stddev=0.00	bps=115200.00
Time:1644443750	n=10	avg=120.00	stddev=0.00	bps=96000.00
Time:1644443750	n=10	avg=120.00	stddev=0.00	bps=96000.00
Time:1644443750	n=10	avg=120.00	stddev=0.00	bps=96000.00
Time:1644443750	n=9	avg=120.00	stddev=0.00	bps=86400.00
Time:1644443750	n=7	avg=120.00	stddev=0.00	bps=67200.00
Time:1644443751	n=14	avg=120.00	stddev=0.00	bps=134400.00
Time:1644443751	n=10	avg=120.00	stddev=0.00	bps=96000.00
Time:1644443751	n=8	avg=120.00	stddev=0.00	bps=76800.00
Time:1644443751	n=12	avg=120.00	stddev=0.00	bps=115200.00
Time:1644443751	n=9	avg=120.00	stddev=0.00	bps=86400.00
Time:1644443751	n=10	avg=120.00	stddev=0.00	bps=96000.00
Time:1644443751	n=10	avg=120.00	stddev=0.00	bps=96000.00
Time:1644443751	n=10	avg=120.00	stddev=0.00	bps=96000.00
Time:1644443751	n=11	avg=120.00	stddev=0.00	bps=105600.00
Time:1644443751	n=10	avg=120.00	stddev=0.00	bps=96000.00
Time:1644443752	n=1	avg=120.00	stddev=0.00	bps=9600.00
Time:1644443752	n=19	avg=120.00	stddev=0.00	bps=182400.00
Time:1644443752	n=9	avg=120.00	stddev=0.00	bps=86400.00
Time:1644443752	n=11	avg=120.00	stddev=0.00	bps=105600.00
Time:1644443752	n=6	avg=120.00	stddev=0.00	bps=57600.00
Time:1644443752	n=14	avg=120.00	stddev=0.00	bps=134400.00
Time:1644443752	n=4	avg=120.00	stddev=0.00	bps=38400.00
Time:1644443752	n=15	avg=120.00	stddev=0.00	bps=144000.00
Time:1644443752	n=11	avg=120.00	stddev=0.00	bps=105600.00
Time:1644443752	n=7	avg=120.00	stddev=0.00	bps=67200.00
Time:1644443753	n=12	avg=120.00	stddev=0.00	bps=115200.00
Time:1644443753	n=11	avg=120.00	stddev=0.00	bps=105600.00
Time:1644443753	n=6	avg=120.00	stddev=0.00	bps=57600.00
Time:1644443753	n=4	avg=120.00	stddev=0.00	bps=38400.00
Time:1644443753	n=20	avg=120.00	stddev=0.00	bps=192000.00
Time:1644443753	n=10	avg=120.00	stddev=0.00	bps=96000.00
Time:1644443753	n=9	avg=120.00	stddev=0.00	bps=86400.00
Time:1644443753	n=9	avg=120.00	stddev=0.00	bps=86400.00
Time:1644443753	n=12	avg=120.00	stddev=0.00	bps=115200.00
Time:1644443753	n=10	avg=120.00	stddev=0.00	bps=96000.00
Time:1644443754	n=0	avg=0.00	stddev=0.00	bps=0.00
Time:1644443754	n=19	avg=120.00	stddev=0.00	bps=182400.00
Time:1644443754	n=10	avg=120.00	stddev=0.00	bps=96000.00
Time:1644443754	n=10	avg=120.00	stddev=0.00	bps=96000.00
Time:1644443754	n=10	avg=120.00	stddev=0.00	bps=96000.00
Time:1644443754	n=10	avg=120.00	stddev=0.00	bps=96000.00
Time:1644443754	n=10	avg=120.00	stddev=0.00	bps=96000.00
Time:1644443754	n=10	avg=120.00	stddev=0.00	bps=96000.00
Time:1644443754	n=8	avg=120.00	stddev=0.00	bps=76800.00
Time:1644443754	n=12	avg=120.00	stddev=0.00	bps=115200.00
Time:1644443755	n=8	avg=120.00	stddev=0.00	bps=76800.00
Time:1644443755	n=12	avg=120.00	stddev=0.00	bps=115200.00
Time:1644443755	n=10	avg=120.00	stddev=0.00	bps=96000.00
Time:1644443755	n=8	avg=120.00	stddev=0.00	bps=76800.00
Time:1644443755	n=11	avg=120.00	stddev=0.00	bps=105600.00
Time:1644443755	n=11	avg=120.00	stddev=0.00	bps=105600.00
Time:1644443755	n=4	avg=120.00	stddev=0.00	bps=38400.00
Time:1644443755	n=15	avg=120.00	stddev=0.00	bps=144000.00
Time:1644443755	n=11	avg=120.00	stddev=0.00	bps=105600.00
Time:1644443755	n=10	avg=120.00	stddev=0.00	bps=96000.00
Time:1644443756	n=9	avg=120.00	stddev=0.00	bps=86400.00
Time:1644443756	n=11	avg=120.00	stddev=0.00	bps=105600.00
Time:1644443756	n=10	avg=120.00	stddev=0.00	bps=96000.00
Time:1644443756	n=10	avg=120.00	stddev=0.00	bps=96000.00
Time:1644443756	n=10	avg=120.00	stddev=0.00	bps=96000.00
Time:1644443756	n=10	avg=120.00	stddev=0.00	bps=96000.00
Time:1644443756	n=10	avg=120.00	stddev=0.00	bps=96000.00
Time:1644443756	n=10	avg=120.00	stddev=0.00	bps=96000.00
Time:1644443756	n=9	avg=120.00	stddev=0.00	bps=86400.00
Time:1644443756	n=10	avg=120.00	stddev=0.00	bps=96000.00
Time:1644443757	n=11	avg=120.00	stddev=0.00	bps=105600.00
Time:1644443757	n=10	avg=120.00	stddev=0.00	bps=96000.00
Time:1644443757	n=10	avg=120.00	stddev=0.00	bps=96000.00
Time:1644443757	n=10	avg=120.00	stddev=0.00	bps=96000.00
Time:1644443757	n=8	avg=120.00	stddev=0.00	bps=76800.00
Time:1644443757	n=9	avg=120.00	stddev=0.00	bps=86400.00
Time:1644443757	n=13	avg=120.00	stddev=0.00	bps=124800.00
Time:1644443757	n=3	avg=120.00	stddev=0.00	bps=28800.00
Time:1644443757	n=17	avg=120.00	stddev=0.00	bps=163200.00
Time:1644443757	n=9	avg=120.00	stddev=0.00	bps=86400.00
Time:1644443758	n=11	avg=120.00	stddev=0.00	bps=105600.00
Time:1644443758	n=10	avg=120.00	stddev=0.00	bps=96000.00
Time:1644443758	n=10	avg=120.00	stddev=0.00	bps=96000.00
Time:1644443758	n=10	avg=120.00	stddev=0.00	bps=96000.00
Time:1644443758	n=10	avg=120.00	stddev=0.00	bps=96000.00
Time:1644443758	n=10	avg=120.00	stddev=0.00	bps=96000.00
Time:1644443758	n=10	avg=120.00	stddev=0.00	bps=96000.00
Time:1644443758	n=10	avg=120.00	stddev=0.00	bps=96000.00
Time:1644443758	n=10	avg=120.00	stddev=0.00	bps=96000.00
Time:1644443758	n=9	avg=120.00	stddev=0.00	bps=86400.00
Time:1644443759	n=11	avg=120.00	stddev=0.00	bps=105600.00
Time:1644443759	n=9	avg=120.00	stddev=0.00	bps=86400.00
Time:1644443759	n=8	avg=120.00	stddev=0.00	bps=76800.00
Time:1644443759	n=13	avg=120.00	stddev=0.00	bps=124800.00
Time:1644443759	n=10	avg=120.00	stddev=0.00	bps=96000.00
Time:1644443759	n=6	avg=120.00	stddev=0.00	bps=57600.00
Time:1644443759	n=13	avg=120.00	stddev=0.00	bps=124800.00
Time:1644443759	n=8	avg=120.00	stddev=0.00	bps=76800.00
Time:1644443759	n=12	avg=120.00	stddev=0.00	bps=115200.00
Time:1644443759	n=8	avg=120.00	stddev=0.00	bps=76800.00
Time:1644443760	n=11	avg=120.00	stddev=0.00	bps=105600.00
Time:1644443760	n=12	avg=120.00	stddev=0.00	bps=115200.00
Time:1644443760	n=10	avg=120.00	stddev=0.00	bps=96000.00
Time:1644443760	n=9	avg=120.00	stddev=0.00	bps=86400.00
Time:1644443760	n=8	avg=120.00	stddev=0.00	bps=76800.00
Time:1644443760	n=13	avg=120.00	stddev=0.00	bps=124800.00
Time:1644443760	n=8	avg=120.00	stddev=0.00	bps=76800.00
Time:1644443760	n=10	avg=120.00	stddev=0.00	bps=96000.00
Time:1644443760	n=12	avg=120.00	stddev=0.00	bps=115200.00
Time:1644443760	n=10	avg=120.00	stddev=0.00	bps=96000.00
Time:1644443761	n=10	avg=120.00	stddev=0.00	bps=96000.00
Time:1644443761	n=10	avg=120.00	stddev=0.00	bps=96000.00
Time:1644443761	n=2	avg=120.00	stddev=0.00	bps=19200.00
Time:1644443761	n=18	avg=120.00	stddev=0.00	bps=172800.00
Time:1644443761	n=10	avg=120.00	stddev=0.00	bps=96000.00
Time:1644443761	n=9	avg=120.00	stddev=0.00	bps=86400.00
Time:1644443761	n=10	avg=120.00	stddev=0.00	bps=96000.00
Time:1644443761	n=11	avg=120.00	stddev=0.00	bps=105600.00
Time:1644443761	n=10	avg=120.00	stddev=0.00	bps=96000.00
Time:1644443761	n=8	avg=120.00	stddev=0.00	bps=76800.00
Time:1644443762	n=7	avg=120.00	stddev=0.00	bps=67200.00
Time:1644443762	n=14	avg=120.00	stddev=0.00	bps=134400.00
Time:1644443762	n=10	avg=120.00	stddev=0.00	bps=96000.00
Time:1644443762	n=7	avg=120.00	stddev=0.00	bps=67200.00
Time:1644443762	n=1	avg=120.00	stddev=0.00	bps=9600.00
Time:1644443762	n=17	avg=120.00	stddev=0.00	bps=163200.00
Time:1644443762	n=16	avg=120.00	stddev=0.00	bps=153600.00
Time:1644443762	n=10	avg=120.00	stddev=0.00	bps=96000.00
Time:1644443762	n=10	avg=120.00	stddev=0.00	bps=96000.00
Time:1644443762	n=10	avg=120.00	stddev=0.00	bps=96000.00
Time:1644443763	n=8	avg=120.00	stddev=0.00	bps=76800.00
Time:1644443763	n=12	avg=120.00	stddev=0.00	bps=115200.00
Time:1644443763	n=10	avg=120.00	stddev=0.00	bps=96000.00
Time:1644443763	n=10	avg=120.00	stddev=0.00	bps=96000.00
Time:1644443763	n=8	avg=120.00	stddev=0.00	bps=76800.00
Time:1644443763	n=7	avg=120.00	stddev=0.00	bps=67200.00
Time:1644443763	n=9	avg=120.00	stddev=0.00	bps=86400.00
Time:1644443763	n=15	avg=120.00	stddev=0.00	bps=144000.00
Time:1644443763	n=10	avg=120.00	stddev=0.00	bps=96000.00
Time:1644443763	n=10	avg=120.00	stddev=0.00	bps=96000.00
Time:1644443764	n=10	avg=120.00	stddev=0.00	bps=96000.00
Time:1644443764	n=10	avg=120.00	stddev=0.00	bps=96000.00
Time:1644443764	n=8	avg=120.00	stddev=0.00	bps=76800.00
Time:1644443764	n=5	avg=120.00	stddev=0.00	bps=48000.00
Time:1644443764	n=8	avg=120.00	stddev=0.00	bps=76800.00
Time:1644443764	n=18	avg=120.00	stddev=0.00	bps=172800.00
Time:1644443764	n=9	avg=120.00	stddev=0.00	bps=86400.00
Time:1644443764	n=8	avg=120.00	stddev=0.00	bps=76800.00
Time:1644443764	n=13	avg=120.00	stddev=0.00	bps=124800.00
Time:1644443764	n=10	avg=120.00	stddev=0.00	bps=96000.00
Time:1644443765	n=10	avg=120.00	stddev=0.00	bps=96000.00
Time:1644443765	n=7	avg=120.00	stddev=0.00	bps=67200.00
Time:1644443765	n=8	avg=120.00	stddev=0.00	bps=76800.00
Time:1644443765	n=11	avg=120.00	stddev=0.00	bps=105600.00
Time:1644443765	n=13	avg=120.00	stddev=0.00	bps=124800.00
Time:1644443765	n=8	avg=120.00	stddev=0.00	bps=76800.00
Time:1644443765	n=4	avg=120.00	stddev=0.00	bps=38400.00
Time:1644443765	n=12	avg=120.00	stddev=0.00	bps=115200.00
Time:1644443765	n=16	avg=120.00	stddev=0.00	bps=153600.00
Time:1644443765	n=11	avg=120.00	stddev=0.00	bps=105600.00
Time:1644443766	n=7	avg=120.00	stddev=0.00	bps=67200.00
Time:1644443766	n=0	avg=0.00	stddev=0.00	bps=0.00
Time:1644443766	n=20	avg=120.00	stddev=0.00	bps=192000.00
Time:1644443766	n=12	avg=120.00	stddev=0.00	bps=115200.00
Time:1644443766	n=9	avg=120.00	stddev=0.00	bps=86400.00
Time:1644443766	n=11	avg=120.00	stddev=0.00	bps=105600.00
Time:1644443766	n=9	avg=120.00	stddev=0.00	bps=86400.00
Time:1644443766	n=12	avg=120.00	stddev=0.00	bps=115200.00
Time:1644443766	n=10	avg=120.00	stddev=0.00	bps=96000.00
Time:1644443766	n=10	avg=120.00	stddev=0.00	bps=96000.00
Time:1644443767	n=10	avg=120.00	stddev=0.00	bps=96000.00
Time:1644443767	n=10	avg=120.00	stddev=0.00	bps=96000.00
Time:1644443767	n=9	avg=120.00	stddev=0.00	bps=86400.00
Time:1644443767	n=11	avg=120.00	stddev=0.00	bps=105600.00
Time:1644443767	n=10	avg=120.00	stddev=0.00	bps=96000.00
Time:1644443767	n=10	avg=120.00	stddev=0.00	bps=96000.00
Time:1644443767	n=10	avg=120.00	stddev=0.00	bps=96000.00
Time:1644443767	n=10	avg=120.00	stddev=0.00	bps=96000.00
Time:1644443767	n=10	avg=120.00	stddev=0.00	bps=96000.00
Time:1644443767	n=10	avg=120.00	stddev=0.00	bps=96000.00
Time:1644443768	n=8	avg=120.00	stddev=0.00	bps=76800.00
Time:1644443768	n=12	avg=120.00	stddev=0.00	bps=115200.00
Time:1644443768	n=10	avg=120.00	stddev=0.00	bps=96000.00
Time:1644443768	n=8	avg=120.00	stddev=0.00	bps=76800.00
Time:1644443768	n=10	avg=120.00	stddev=0.00	bps=96000.00
Time:1644443768	n=10	avg=120.00	stddev=0.00	bps=96000.00
Time:1644443768	n=9	avg=120.00	stddev=0.00	bps=86400.00
Time:1644443768	n=12	avg=120.00	stddev=0.00	bps=115200.00
Time:1644443768	n=10	avg=120.00	stddev=0.00	bps=96000.00
Time:1644443768	n=10	avg=120.00	stddev=0.00	bps=96000.00
Time:1644443769	n=10	avg=120.00	stddev=0.00	bps=96000.00
Time:1644443769	n=10	avg=120.00	stddev=0.00	bps=96000.00
Time:1644443769	n=10	avg=120.00	stddev=0.00	bps=96000.00
Time:1644443769	n=10	avg=120.00	stddev=0.00	bps=96000.00
Time:1644443769	n=6	avg=120.00	stddev=0.00	bps=57600.00
Time:1644443769	n=13	avg=120.00	stddev=0.00	bps=124800.00
Time:1644443769	n=10	avg=120.00	stddev=0.00	bps=96000.00
Time:1644443769	n=8	avg=120.00	stddev=0.00	bps=76800.00
Time:1644443769	n=12	avg=120.00	stddev=0.00	bps=115200.00
Time:1644443769	n=10	avg=120.00	stddev=0.00	bps=96000.00
Time:1644443770	n=9	avg=120.00	stddev=0.00	bps=86400.00
Time:1644443770	n=11	avg=120.00	stddev=0.00	bps=105600.00
Time:1644443770	n=10	avg=120.00	stddev=0.00	bps=96000.00
Time:1644443770	n=10	avg=120.00	stddev=0.00	bps=96000.00
Time:1644443770	n=4	avg=120.00	stddev=0.00	bps=38400.00
Time:1644443770	n=16	avg=120.00	stddev=0.00	bps=153600.00
Time:1644443770	n=10	avg=120.00	stddev=0.00	bps=96000.00
Time:1644443770	n=9	avg=120.00	stddev=0.00	bps=86400.00
Time:1644443770	n=11	avg=120.00	stddev=0.00	bps=105600.00
Time:1644443770	n=7	avg=120.00	stddev=0.00	bps=67200.00
Time:1644443771	n=12	avg=120.00	stddev=0.00	bps=115200.00
Time:1644443771	n=11	avg=120.00	stddev=0.00	bps=105600.00
Time:1644443771	n=9	avg=120.00	stddev=0.00	bps=86400.00
Time:1644443771	n=8	avg=120.00	stddev=0.00	bps=76800.00
Time:1644443771	n=13	avg=120.00	stddev=0.00	bps=124800.00
Time:1644443771	n=7	avg=120.00	stddev=0.00	bps=67200.00
Time:1644443771	n=9	avg=120.00	stddev=0.00	bps=86400.00
Time:1644443771	n=0	avg=0.00	stddev=0.00	bps=0.00
Time:1644443771	n=24	avg=120.00	stddev=0.00	bps=230400.00
Time:1644443771	n=10	avg=120.00	stddev=0.00	bps=96000.00
Time:1644443772	n=10	avg=120.00	stddev=0.00	bps=96000.00
Time:1644443772	n=10	avg=120.00	stddev=0.00	bps=96000.00
Time:1644443772	n=10	avg=120.00	stddev=0.00	bps=96000.00
Time:1644443772	n=10	avg=120.00	stddev=0.00	bps=96000.00
Time:1644443772	n=8	avg=120.00	stddev=0.00	bps=76800.00
Time:1644443772	n=12	avg=120.00	stddev=0.00	bps=115200.00
Time:1644443772	n=10	avg=120.00	stddev=0.00	bps=96000.00
Time:1644443772	n=9	avg=120.00	stddev=0.00	bps=86400.00
Time:1644443772	n=11	avg=120.00	stddev=0.00	bps=105600.00
Time:1644443772	n=10	avg=120.00	stddev=0.00	bps=96000.00
Time:1644443773	n=10	avg=120.00	stddev=0.00	bps=96000.00
Time:1644443773	n=10	avg=120.00	stddev=0.00	bps=96000.00
Time:1644443773	n=10	avg=120.00	stddev=0.00	bps=96000.00
Time:1644443773	n=10	avg=120.00	stddev=0.00	bps=96000.00
Time:1644443773	n=10	avg=120.00	stddev=0.00	bps=96000.00
Time:1644443773	n=0	avg=0.00	stddev=0.00	bps=0.00
Time:1644443773	n=10	avg=120.00	stddev=0.00	bps=96000.00
Time:1644443773	n=19	avg=120.00	stddev=0.00	bps=182400.00
Time:1644443773	n=8	avg=120.00	stddev=0.00	bps=76800.00
Time:1644443773	n=11	avg=120.00	stddev=0.00	bps=105600.00
Time:1644443774	n=1	avg=120.00	stddev=0.00	bps=9600.00
Time:1644443774	n=21	avg=120.00	stddev=0.00	bps=201600.00
Time:1644443774	n=10	avg=120.00	stddev=0.00	bps=96000.00
Time:1644443774	n=9	avg=120.00	stddev=0.00	bps=86400.00
Time:1644443774	n=11	avg=120.00	stddev=0.00	bps=105600.00
Time:1644443774	n=10	avg=120.00	stddev=0.00	bps=96000.00
Time:1644443774	n=9	avg=120.00	stddev=0.00	bps=86400.00
Time:1644443774	n=11	avg=120.00	stddev=0.00	bps=105600.00
Time:1644443774	n=6	avg=120.00	stddev=0.00	bps=57600.00
Time:1644443774	n=9	avg=120.00	stddev=0.00	bps=86400.00
Time:1644443775	n=15	avg=120.00	stddev=0.00	bps=144000.00
Time:1644443775	n=10	avg=120.00	stddev=0.00	bps=96000.00
Time:1644443775	n=4	avg=120.00	stddev=0.00	bps=38400.00
Time:1644443775	n=16	avg=120.00	stddev=0.00	bps=153600.00
Time:1644443775	n=10	avg=120.00	stddev=0.00	bps=96000.00
Time:1644443775	n=10	avg=120.00	stddev=0.00	bps=96000.00
Time:1644443775	n=5	avg=120.00	stddev=0.00	bps=48000.00
Time:1644443775	n=15	avg=120.00	stddev=0.00	bps=144000.00
Time:1644443775	n=9	avg=120.00	stddev=0.00	bps=86400.00
Time:1644443775	n=5	avg=120.00	stddev=0.00	bps=48000.00
Time:1644443776	n=11	avg=120.00	stddev=0.00	bps=105600.00
Time:1644443776	n=11	avg=120.00	stddev=0.00	bps=105600.00
Time:1644443776	n=1	avg=120.00	stddev=0.00	bps=9600.00
Time:1644443776	n=21	avg=120.00	stddev=0.00	bps=201600.00
Time:1644443776	n=10	avg=120.00	stddev=0.00	bps=96000.00
Time:1644443776	n=3	avg=120.00	stddev=0.00	bps=28800.00
Time:1644443776	n=17	avg=120.00	stddev=0.00	bps=163200.00
Time:1644443776	n=10	avg=120.00	stddev=0.00	bps=96000.00
Time:1644443776	n=9	avg=120.00	stddev=0.00	bps=86400.00
Time:1644443776	n=11	avg=120.00	stddev=0.00	bps=105600.00
Time:1644443777	n=9	avg=120.00	stddev=0.00	bps=86400.00
Time:1644443777	n=7	avg=120.00	stddev=0.00	bps=67200.00
Time:1644443777	n=8	avg=120.00	stddev=0.00	bps=76800.00
Time:1644443777	n=16	avg=120.00	stddev=0.00	bps=153600.00
Time:1644443777	n=10	avg=120.00	stddev=0.00	bps=96000.00
Time:1644443777	n=10	avg=120.00	stddev=0.00	bps=96000.00
Time:1644443777	n=1	avg=120.00	stddev=0.00	bps=9600.00
Time:1644443777	n=16	avg=120.00	stddev=0.00	bps=153600.00
Time:1644443777	n=13	avg=120.00	stddev=0.00	bps=124800.00
Time:1644443777	n=10	avg=120.00	stddev=0.00	bps=96000.00
Time:1644443778	n=9	avg=120.00	stddev=0.00	bps=86400.00
Time:1644443778	n=9	avg=120.00	stddev=0.00	bps=86400.00
Time:1644443778	n=12	avg=120.00	stddev=0.00	bps=115200.00
Time:1644443778	n=10	avg=120.00	stddev=0.00	bps=96000.00
Time:1644443778	n=10	avg=120.00	stddev=0.00	bps=96000.00
Time:1644443778	n=9	avg=120.00	stddev=0.00	bps=86400.00
Time:1644443778	n=10	avg=120.00	stddev=0.00	bps=96000.00
Time:1644443778	n=11	avg=120.00	stddev=0.00	bps=105600.00
Time:1644443778	n=10	avg=120.00	stddev=0.00	bps=96000.00
Time:1644443778	n=10	avg=120.00	stddev=0.00	bps=96000.00
Time:1644443779	n=9	avg=120.00	stddev=0.00	bps=86400.00
Time:1644443779	n=10	avg=120.00	stddev=0.00	bps=96000.00
Time:1644443779	n=10	avg=120.00	stddev=0.00	bps=96000.00
Time:1644443779	n=11	avg=120.00	stddev=0.00	bps=105600.00
Time:1644443779	n=9	avg=120.00	stddev=0.00	bps=86400.00
Time:1644443779	n=11	avg=120.00	stddev=0.00	bps=105600.00
Time:1644443779	n=10	avg=120.00	stddev=0.00	bps=96000.00
Time:1644443779	n=8	avg=120.00	stddev=0.00	bps=76800.00
Time:1644443779	n=12	avg=120.00	stddev=0.00	bps=115200.00
Time:1644443779	n=10	avg=120.00	stddev=0.00	bps=96000.00
Time:1644443780	n=10	avg=120.00	stddev=0.00	bps=96000.00
Time:1644443780	n=10	avg=120.00	stddev=0.00	bps=96000.00
Time:1644443780	n=10	avg=120.00	stddev=0.00	bps=96000.00
Time:1644443780	n=10	avg=120.00	stddev=0.00	bps=96000.00
Time:1644443780	n=10	avg=120.00	stddev=0.00	bps=96000.00
Time:1644443780	n=10	avg=120.00	stddev=0.00	bps=96000.00
Time:1644443780	n=10	avg=120.00	stddev=0.00	bps=96000.00
Time:1644443780	n=2	avg=120.00	stddev=0.00	bps=19200.00
Time:1644443780	n=13	avg=120.00	stddev=0.00	bps=124800.00
Time:1644443780	n=7	avg=120.00	stddev=0.00	bps=67200.00
Time:1644443781	n=0	avg=0.00	stddev=0.00	bps=0.00
Time:1644443781	n=27	avg=120.00	stddev=0.00	bps=259200.00
Time:1644443781	n=10	avg=120.00	stddev=0.00	bps=96000.00
Time:1644443781	n=10	avg=120.00	stddev=0.00	bps=96000.00
Time:1644443781	n=11	avg=120.00	stddev=0.00	bps=105600.00
Time:1644443781	n=10	avg=120.00	stddev=0.00	bps=96000.00
Time:1644443781	n=9	avg=120.00	stddev=0.00	bps=86400.00
Time:1644443781	n=11	avg=120.00	stddev=0.00	bps=105600.00
Time:1644443781	n=9	avg=120.00	stddev=0.00	bps=86400.00
Time:1644443781	n=5	avg=120.00	stddev=0.00	bps=48000.00
Time:1644443782	n=14	avg=120.00	stddev=0.00	bps=134400.00
Time:1644443782	n=9	avg=120.00	stddev=0.00	bps=86400.00
Time:1644443782	n=11	avg=120.00	stddev=0.00	bps=105600.00
Time:1644443782	n=6	avg=120.00	stddev=0.00	bps=57600.00
Time:1644443782	n=14	avg=120.00	stddev=0.00	bps=134400.00
Time:1644443782	n=4	avg=120.00	stddev=0.00	bps=38400.00
Time:1644443782	n=11	avg=120.00	stddev=0.00	bps=105600.00
Time:1644443782	n=16	avg=120.00	stddev=0.00	bps=153600.00
Time:1644443782	n=5	avg=120.00	stddev=0.00	bps=48000.00
Time:1644443782	n=10	avg=120.00	stddev=0.00	bps=96000.00
Time:1644443783	n=14	avg=120.00	stddev=0.00	bps=134400.00
Time:1644443783	n=9	avg=120.00	stddev=0.00	bps=86400.00
Time:1644443783	n=0	avg=0.00	stddev=0.00	bps=0.00
Time:1644443783	n=14	avg=120.00	stddev=0.00	bps=134400.00
Time:1644443783	n=17	avg=120.00	stddev=0.00	bps=163200.00
Time:1644443783	n=10	avg=120.00	stddev=0.00	bps=96000.00
Time:1644443783	n=10	avg=120.00	stddev=0.00	bps=96000.00
Time:1644443783	n=11	avg=120.00	stddev=0.00	bps=105600.00
Time:1644443783	n=10	avg=120.00	stddev=0.00	bps=96000.00
Time:1644443783	n=5	avg=120.00	stddev=0.00	bps=48000.00
Time:1644443784	n=15	avg=120.00	stddev=0.00	bps=144000.00
Time:1644443784	n=10	avg=120.00	stddev=0.00	bps=96000.00
Time:1644443784	n=10	avg=120.00	stddev=0.00	bps=96000.00
Time:1644443784	n=10	avg=120.00	stddev=0.00	bps=96000.00
Time:1644443784	n=10	avg=120.00	stddev=0.00	bps=96000.00
Time:1644443784	n=10	avg=120.00	stddev=0.00	bps=96000.00
Time:1644443784	n=10	avg=120.00	stddev=0.00	bps=96000.00
Time:1644443784	n=10	avg=120.00	stddev=0.00	bps=96000.00
Time:1644443784	n=10	avg=120.00	stddev=0.00	bps=96000.00
Time:1644443784	n=10	avg=120.00	stddev=0.00	bps=96000.00
Time:1644443785	n=10	avg=120.00	stddev=0.00	bps=96000.00
Time:1644443785	n=10	avg=120.00	stddev=0.00	bps=96000.00
Time:1644443785	n=10	avg=120.00	stddev=0.00	bps=96000.00
Time:1644443785	n=10	avg=120.00	stddev=0.00	bps=96000.00
Time:1644443785	n=7	avg=120.00	stddev=0.00	bps=67200.00
Time:1644443785	n=13	avg=120.00	stddev=0.00	bps=124800.00
Time:1644443785	n=9	avg=120.00	stddev=0.00	bps=86400.00
Time:1644443785	n=4	avg=120.00	stddev=0.00	bps=38400.00
Time:1644443785	n=17	avg=120.00	stddev=0.00	bps=163200.00
Time:1644443785	n=6	avg=120.00	stddev=0.00	bps=57600.00
Time:1644443786	n=13	avg=120.00	stddev=0.00	bps=124800.00
Time:1644443786	n=11	avg=120.00	stddev=0.00	bps=105600.00
Time:1644443786	n=10	avg=120.00	stddev=0.00	bps=96000.00
Time:1644443786	n=8	avg=120.00	stddev=0.00	bps=76800.00
Time:1644443786	n=12	avg=120.00	stddev=0.00	bps=115200.00
Time:1644443786	n=10	avg=120.00	stddev=0.00	bps=96000.00
Time:1644443786	n=8	avg=120.00	stddev=0.00	bps=76800.00
Time:1644443786	n=12	avg=120.00	stddev=0.00	bps=115200.00
Time:1644443786	n=10	avg=120.00	stddev=0.00	bps=96000.00
Time:1644443786	n=10	avg=120.00	stddev=0.00	bps=96000.00
Time:1644443787	n=5	avg=120.00	stddev=0.00	bps=48000.00
Time:1644443787	n=14	avg=120.00	stddev=0.00	bps=134400.00
Time:1644443787	n=3	avg=120.00	stddev=0.00	bps=28800.00
Time:1644443787	n=13	avg=120.00	stddev=0.00	bps=124800.00
Time:1644443787	n=15	avg=120.00	stddev=0.00	bps=144000.00
Time:1644443787	n=7	avg=120.00	stddev=0.00	bps=67200.00
Time:1644443787	n=7	avg=120.00	stddev=0.00	bps=67200.00
Time:1644443787	n=14	avg=120.00	stddev=0.00	bps=134400.00
Time:1644443787	n=7	avg=120.00	stddev=0.00	bps=67200.00
Time:1644443787	n=11	avg=120.00	stddev=0.00	bps=105600.00
Time:1644443788	n=6	avg=120.00	stddev=0.00	bps=57600.00
Time:1644443788	n=17	avg=120.00	stddev=0.00	bps=163200.00
Time:1644443788	n=10	avg=120.00	stddev=0.00	bps=96000.00
Time:1644443788	n=10	avg=120.00	stddev=0.00	bps=96000.00
Time:1644443788	n=8	avg=120.00	stddev=0.00	bps=76800.00
Time:1644443788	n=12	avg=120.00	stddev=0.00	bps=115200.00
Time:1644443788	n=10	avg=120.00	stddev=0.00	bps=96000.00
Time:1644443788	n=8	avg=120.00	stddev=0.00	bps=76800.00
Time:1644443788	n=12	avg=120.00	stddev=0.00	bps=115200.00
Time:1644443788	n=10	avg=120.00	stddev=0.00	bps=96000.00
Time:1644443789	n=10	avg=120.00	stddev=0.00	bps=96000.00
Time:1644443789	n=7	avg=120.00	stddev=0.00	bps=67200.00
Time:1644443789	n=8	avg=120.00	stddev=0.00	bps=76800.00
Time:1644443789	n=15	avg=120.00	stddev=0.00	bps=144000.00
Time:1644443789	n=10	avg=120.00	stddev=0.00	bps=96000.00
Time:1644443789	n=8	avg=120.00	stddev=0.00	bps=76800.00
Time:1644443789	n=8	avg=120.00	stddev=0.00	bps=76800.00
Time:1644443789	n=12	avg=120.00	stddev=0.00	bps=115200.00
Time:1644443789	n=8	avg=120.00	stddev=0.00	bps=76800.00
Time:1644443789	n=9	avg=120.00	stddev=0.00	bps=86400.00
Time:1644443790	n=14	avg=120.00	stddev=0.00	bps=134400.00
Time:1644443790	n=11	avg=120.00	stddev=0.00	bps=105600.00
Time:1644443790	n=6	avg=120.00	stddev=0.00	bps=57600.00
Time:1644443790	n=10	avg=120.00	stddev=0.00	bps=96000.00
Time:1644443790	n=5	avg=120.00	stddev=0.00	bps=48000.00
Time:1644443790	n=19	avg=120.00	stddev=0.00	bps=182400.00
Time:1644443790	n=9	avg=120.00	stddev=0.00	bps=86400.00
Time:1644443790	n=11	avg=120.00	stddev=0.00	bps=105600.00
Time:1644443790	n=10	avg=120.00	stddev=0.00	bps=96000.00
Time:1644443790	n=10	avg=120.00	stddev=0.00	bps=96000.00
Time:1644443791	n=10	avg=120.00	stddev=0.00	bps=96000.00
Time:1644443791	n=10	avg=120.00	stddev=0.00	bps=96000.00
Time:1644443791	n=10	avg=120.00	stddev=0.00	bps=96000.00
Time:1644443791	n=10	avg=120.00	stddev=0.00	bps=96000.00
Time:1644443791	n=10	avg=120.00	stddev=0.00	bps=96000.00
Time:1644443791	n=10	avg=120.00	stddev=0.00	bps=96000.00
Time:1644443791	n=10	avg=120.00	stddev=0.00	bps=96000.00
Time:1644443791	n=10	avg=120.00	stddev=0.00	bps=96000.00
Time:1644443791	n=9	avg=120.00	stddev=0.00	bps=86400.00
Time:1644443791	n=11	avg=120.00	stddev=0.00	bps=105600.00
Time:1644443792	n=9	avg=120.00	stddev=0.00	bps=86400.00
Time:1644443792	n=10	avg=120.00	stddev=0.00	bps=96000.00
Time:1644443792	n=5	avg=120.00	stddev=0.00	bps=48000.00
Time:1644443792	n=5	avg=120.00	stddev=0.00	bps=48000.00
Time:1644443792	n=21	avg=120.00	stddev=0.00	bps=201600.00
Time:1644443792	n=10	avg=120.00	stddev=0.00	bps=96000.00
Time:1644443792	n=10	avg=120.00	stddev=0.00	bps=96000.00
Time:1644443792	n=10	avg=120.00	stddev=0.00	bps=96000.00
Time:1644443792	n=10	avg=120.00	stddev=0.00	bps=96000.00
Time:1644443792	n=10	avg=120.00	stddev=0.00	bps=96000.00
Time:1644443793	n=10	avg=120.00	stddev=0.00	bps=96000.00
Time:1644443793	n=10	avg=120.00	stddev=0.00	bps=96000.00
Time:1644443793	n=8	avg=120.00	stddev=0.00	bps=76800.00
Time:1644443793	n=9	avg=120.00	stddev=0.00	bps=86400.00
Time:1644443793	n=12	avg=120.00	stddev=0.00	bps=115200.00
Time:1644443793	n=11	avg=120.00	stddev=0.00	bps=105600.00
Time:1644443793	n=0	avg=0.00	stddev=0.00	bps=0.00
Time:1644443793	n=18	avg=120.00	stddev=0.00	bps=172800.00
Time:1644443793	n=7	avg=120.00	stddev=0.00	bps=67200.00
Time:1644443793	n=13	avg=120.00	stddev=0.00	bps=124800.00
Time:1644443794	n=8	avg=120.00	stddev=0.00	bps=76800.00
Time:1644443794	n=13	avg=120.00	stddev=0.00	bps=124800.00
Time:1644443794	n=11	avg=120.00	stddev=0.00	bps=105600.00
Time:1644443794	n=10	avg=120.00	stddev=0.00	bps=96000.00
Time:1644443794	n=9	avg=120.00	stddev=0.00	bps=86400.00
Time:1644443794	n=11	avg=120.00	stddev=0.00	bps=105600.00
Time:1644443794	n=10	avg=120.00	stddev=0.00	bps=96000.00
Time:1644443794	n=10	avg=120.00	stddev=0.00	bps=96000.00
Time:1644443794	n=10	avg=120.00	stddev=0.00	bps=96000.00
Time:1644443794	n=10	avg=120.00	stddev=0.00	bps=96000.00
Time:1644443795	n=10	avg=120.00	stddev=0.00	bps=96000.00
Time:1644443795	n=9	avg=120.00	stddev=0.00	bps=86400.00
Time:1644443795	n=11	avg=120.00	stddev=0.00	bps=105600.00
Time:1644443795	n=10	avg=120.00	stddev=0.00	bps=96000.00
Time:1644443795	n=10	avg=120.00	stddev=0.00	bps=96000.00
Time:1644443795	n=10	avg=120.00	stddev=0.00	bps=96000.00
Time:1644443795	n=9	avg=120.00	stddev=0.00	bps=86400.00
Time:1644443795	n=10	avg=120.00	stddev=0.00	bps=96000.00
Time:1644443795	n=5	avg=120.00	stddev=0.00	bps=48000.00
Time:1644443795	n=14	avg=120.00	stddev=0.00	bps=134400.00
Time:1644443796	n=12	avg=120.00	stddev=0.00	bps=115200.00
Time:1644443796	n=10	avg=120.00	stddev=0.00	bps=96000.00
Time:1644443796	n=9	avg=120.00	stddev=0.00	bps=86400.00
Time:1644443796	n=10	avg=120.00	stddev=0.00	bps=96000.00
Time:1644443796	n=11	avg=120.00	stddev=0.00	bps=105600.00
Time:1644443796	n=6	avg=120.00	stddev=0.00	bps=57600.00
Time:1644443796	n=14	avg=120.00	stddev=0.00	bps=134400.00
Time:1644443796	n=10	avg=120.00	stddev=0.00	bps=96000.00
Time:1644443796	n=9	avg=120.00	stddev=0.00	bps=86400.00
Time:1644443796	n=11	avg=120.00	stddev=0.00	bps=105600.00
Time:1644443797	n=9	avg=120.00	stddev=0.00	bps=86400.00
Time:1644443797	n=10	avg=120.00	stddev=0.00	bps=96000.00
Time:1644443797	n=10	avg=120.00	stddev=0.00	bps=96000.00
Time:1644443797	n=10	avg=120.00	stddev=0.00	bps=96000.00
Time:1644443797	n=10	avg=120.00	stddev=0.00	bps=96000.00
Time:1644443797	n=10	avg=120.00	stddev=0.00	bps=96000.00
Time:1644443797	n=10	avg=120.00	stddev=0.00	bps=96000.00
Time:1644443797	n=10	avg=120.00	stddev=0.00	bps=96000.00
Time:1644443797	n=10	avg=120.00	stddev=0.00	bps=96000.00
Time:1644443797	n=10	avg=120.00	stddev=0.00	bps=96000.00
Time:1644443798	n=10	avg=120.00	stddev=0.00	bps=96000.00
Time:1644443798	n=10	avg=120.00	stddev=0.00	bps=96000.00
Time:1644443798	n=9	avg=120.00	stddev=0.00	bps=86400.00
Time:1644443798	n=8	avg=120.00	stddev=0.00	bps=76800.00
Time:1644443798	n=12	avg=120.00	stddev=0.00	bps=115200.00
Time:1644443798	n=10	avg=120.00	stddev=0.00	bps=96000.00
Time:1644443798	n=11	avg=120.00	stddev=0.00	bps=105600.00
Time:1644443798	n=10	avg=120.00	stddev=0.00	bps=96000.00
Time:1644443798	n=10	avg=120.00	stddev=0.00	bps=96000.00
Time:1644443798	n=10	avg=120.00	stddev=0.00	bps=96000.00
Time:1644443799	n=8	avg=120.00	stddev=0.00	bps=76800.00
Time:1644443799	n=12	avg=120.00	stddev=0.00	bps=115200.00
Time:1644443799	n=10	avg=120.00	stddev=0.00	bps=96000.00
Time:1644443799	n=10	avg=120.00	stddev=0.00	bps=96000.00
Time:1644443799	n=10	avg=120.00	stddev=0.00	bps=96000.00
Time:1644443799	n=10	avg=120.00	stddev=0.00	bps=96000.00
Time:1644443799	n=10	avg=120.00	stddev=0.00	bps=96000.00
Time:1644443799	n=10	avg=120.00	stddev=0.00	bps=96000.00
Time:1644443799	n=10	avg=120.00	stddev=0.00	bps=96000.00
Time:1644443799	n=9	avg=120.00	stddev=0.00	bps=86400.00
Time:1644443800	n=9	avg=120.00	stddev=0.00	bps=86400.00
Time:1644443800	n=11	avg=120.00	stddev=0.00	bps=105600.00
Time:1644443800	n=11	avg=120.00	stddev=0.00	bps=105600.00
Time:1644443800	n=10	avg=120.00	stddev=0.00	bps=96000.00
Time:1644443800	n=9	avg=120.00	stddev=0.00	bps=86400.00
Time:1644443800	n=6	avg=120.00	stddev=0.00	bps=57600.00
Time:1644443800	n=14	avg=120.00	stddev=0.00	bps=134400.00
Time:1644443800	n=11	avg=120.00	stddev=0.00	bps=105600.00
Time:1644443800	n=10	avg=120.00	stddev=0.00	bps=96000.00
Time:1644443800	n=10	avg=120.00	stddev=0.00	bps=96000.00
Time:1644443801	n=10	avg=120.00	stddev=0.00	bps=96000.00
Time:1644443801	n=10	avg=120.00	stddev=0.00	bps=96000.00
Time:1644443801	n=10	avg=120.00	stddev=0.00	bps=96000.00
Time:1644443801	n=10	avg=120.00	stddev=0.00	bps=96000.00
Time:1644443801	n=10	avg=120.00	stddev=0.00	bps=96000.00
Time:1644443801	n=3	avg=120.00	stddev=0.00	bps=28800.00
Time:1644443801	n=12	avg=120.00	stddev=0.00	bps=115200.00
Time:1644443801	n=11	avg=120.00	stddev=0.00	bps=105600.00
Time:1644443801	n=14	avg=120.00	stddev=0.00	bps=134400.00
Time:1644443801	n=10	avg=120.00	stddev=0.00	bps=96000.00
Time:1644443802	n=10	avg=120.00	stddev=0.00	bps=96000.00
Time:1644443802	n=10	avg=120.00	stddev=0.00	bps=96000.00
Time:1644443802	n=10	avg=120.00	stddev=0.00	bps=96000.00
Time:1644443802	n=6	avg=120.00	stddev=0.00	bps=57600.00
Time:1644443802	n=1	avg=120.00	stddev=0.00	bps=9600.00
Time:1644443802	n=20	avg=120.00	stddev=0.00	bps=192000.00
Time:1644443802	n=12	avg=120.00	stddev=0.00	bps=115200.00
Time:1644443802	n=7	avg=120.00	stddev=0.00	bps=67200.00
Time:1644443802	n=11	avg=120.00	stddev=0.00	bps=105600.00
Time:1644443802	n=9	avg=120.00	stddev=0.00	bps=86400.00
Time:1644443803	n=1	avg=120.00	stddev=0.00	bps=9600.00
Time:1644443803	n=22	avg=120.00	stddev=0.00	bps=211200.00
Time:1644443803	n=11	avg=120.00	stddev=0.00	bps=105600.00
Time:1644443803	n=5	avg=120.00	stddev=0.00	bps=48000.00
Time:1644443803	n=14	avg=120.00	stddev=0.00	bps=134400.00
Time:1644443803	n=10	avg=120.00	stddev=0.00	bps=96000.00
Time:1644443803	n=10	avg=120.00	stddev=0.00	bps=96000.00
Time:1644443803	n=10	avg=120.00	stddev=0.00	bps=96000.00
Time:1644443803	n=6	avg=120.00	stddev=0.00	bps=57600.00
Time:1644443803	n=14	avg=120.00	stddev=0.00	bps=134400.00
Time:1644443804	n=9	avg=120.00	stddev=0.00	bps=86400.00
Time:1644443804	n=10	avg=120.00	stddev=0.00	bps=96000.00
Time:1644443804	n=7	avg=120.00	stddev=0.00	bps=67200.00
Time:1644443804	n=9	avg=120.00	stddev=0.00	bps=86400.00
Time:1644443804	n=13	avg=120.00	stddev=0.00	bps=124800.00
Time:1644443804	n=7	avg=120.00	stddev=0.00	bps=67200.00
Time:1644443804	n=6	avg=120.00	stddev=0.00	bps=57600.00
Time:1644443804	n=17	avg=120.00	stddev=0.00	bps=163200.00
Time:1644443804	n=6	avg=120.00	stddev=0.00	bps=57600.00
Time:1644443804	n=6	avg=120.00	stddev=0.00	bps=57600.00
Time:1644443805	n=17	avg=120.00	stddev=0.00	bps=163200.00
Time:1644443805	n=11	avg=120.00	stddev=0.00	bps=105600.00
Time:1644443805	n=10	avg=120.00	stddev=0.00	bps=96000.00
Time:1644443805	n=3	avg=120.00	stddev=0.00	bps=28800.00
Time:1644443805	n=16	avg=120.00	stddev=0.00	bps=153600.00
Time:1644443805	n=10	avg=120.00	stddev=0.00	bps=96000.00
Time:1644443805	n=11	avg=120.00	stddev=0.00	bps=105600.00
Time:1644443805	n=10	avg=120.00	stddev=0.00	bps=96000.00
Time:1644443805	n=10	avg=120.00	stddev=0.00	bps=96000.00
Time:1644443805	n=10	avg=120.00	stddev=0.00	bps=96000.00
Time:1644443806	n=10	avg=120.00	stddev=0.00	bps=96000.00
Time:1644443806	n=10	avg=120.00	stddev=0.00	bps=96000.00
Time:1644443806	n=3	avg=120.00	stddev=0.00	bps=28800.00
Time:1644443806	n=13	avg=120.00	stddev=0.00	bps=124800.00
Time:1644443806	n=14	avg=120.00	stddev=0.00	bps=134400.00
Time:1644443806	n=10	avg=120.00	stddev=0.00	bps=96000.00
Time:1644443806	n=9	avg=120.00	stddev=0.00	bps=86400.00
Time:1644443806	n=11	avg=120.00	stddev=0.00	bps=105600.00
Time:1644443806	n=9	avg=120.00	stddev=0.00	bps=86400.00
Time:1644443806	n=7	avg=120.00	stddev=0.00	bps=67200.00
Time:1644443807	n=12	avg=120.00	stddev=0.00	bps=115200.00
Time:1644443807	n=8	avg=120.00	stddev=0.00	bps=76800.00
Time:1644443807	n=12	avg=120.00	stddev=0.00	bps=115200.00
Time:1644443807	n=9	avg=120.00	stddev=0.00	bps=86400.00
Time:1644443807	n=13	avg=120.00	stddev=0.00	bps=124800.00
Time:1644443807	n=10	avg=120.00	stddev=0.00	bps=96000.00
Time:1644443807	n=10	avg=120.00	stddev=0.00	bps=96000.00
Time:1644443807	n=9	avg=120.00	stddev=0.00	bps=86400.00
Time:1644443807	n=2	avg=120.00	stddev=0.00	bps=19200.00
Time:1644443807	n=9	avg=120.00	stddev=0.00	bps=86400.00
Time:1644443808	n=14	avg=120.00	stddev=0.00	bps=134400.00
Time:1644443808	n=16	avg=120.00	stddev=0.00	bps=153600.00
Time:1644443808	n=10	avg=120.00	stddev=0.00	bps=96000.00
Time:1644443808	n=10	avg=120.00	stddev=0.00	bps=96000.00
Time:1644443808	n=10	avg=120.00	stddev=0.00	bps=96000.00
Time:1644443808	n=10	avg=120.00	stddev=0.00	bps=96000.00
Time:1644443808	n=10	avg=120.00	stddev=0.00	bps=96000.00
Time:1644443808	n=10	avg=120.00	stddev=0.00	bps=96000.00
Time:1644443808	n=10	avg=120.00	stddev=0.00	bps=96000.00
Time:1644443808	n=9	avg=120.00	stddev=0.00	bps=86400.00
Time:1644443809	n=10	avg=120.00	stddev=0.00	bps=96000.00
Time:1644443809	n=10	avg=120.00	stddev=0.00	bps=96000.00
Time:1644443809	n=11	avg=120.00	stddev=0.00	bps=105600.00
Time:1644443809	n=10	avg=120.00	stddev=0.00	bps=96000.00
Time:1644443809	n=9	avg=120.00	stddev=0.00	bps=86400.00
Time:1644443809	n=11	avg=120.00	stddev=0.00	bps=105600.00
Time:1644443809	n=10	avg=120.00	stddev=0.00	bps=96000.00
Time:1644443809	n=10	avg=120.00	stddev=0.00	bps=96000.00
Time:1644443809	n=10	avg=120.00	stddev=0.00	bps=96000.00
Time:1644443809	n=10	avg=120.00	stddev=0.00	bps=96000.00
Time:1644443810	n=10	avg=120.00	stddev=0.00	bps=96000.00
Time:1644443810	n=10	avg=120.00	stddev=0.00	bps=96000.00
Time:1644443810	n=10	avg=120.00	stddev=0.00	bps=96000.00
Time:1644443810	n=10	avg=120.00	stddev=0.00	bps=96000.00
Time:1644443810	n=10	avg=120.00	stddev=0.00	bps=96000.00
Time:1644443810	n=4	avg=120.00	stddev=0.00	bps=38400.00
Time:1644443810	n=15	avg=120.00	stddev=0.00	bps=144000.00
Time:1644443810	n=10	avg=120.00	stddev=0.00	bps=96000.00
Time:1644443810	n=11	avg=120.00	stddev=0.00	bps=105600.00
Time:1644443810	n=10	avg=120.00	stddev=0.00	bps=96000.00
Time:1644443811	n=10	avg=120.00	stddev=0.00	bps=96000.00
Time:1644443811	n=9	avg=120.00	stddev=0.00	bps=86400.00
Time:1644443811	n=10	avg=120.00	stddev=0.00	bps=96000.00
Time:1644443811	n=11	avg=120.00	stddev=0.00	bps=105600.00
Time:1644443811	n=10	avg=120.00	stddev=0.00	bps=96000.00
Time:1644443811	n=10	avg=120.00	stddev=0.00	bps=96000.00
Time:1644443811	n=10	avg=120.00	stddev=0.00	bps=96000.00
Time:1644443811	n=8	avg=120.00	stddev=0.00	bps=76800.00
Time:1644443811	n=12	avg=120.00	stddev=0.00	bps=115200.00
Time:1644443811	n=10	avg=120.00	stddev=0.00	bps=96000.00
Time:1644443812	n=10	avg=120.00	stddev=0.00	bps=96000.00
Time:1644443812	n=10	avg=120.00	stddev=0.00	bps=96000.00
Time:1644443812	n=9	avg=120.00	stddev=0.00	bps=86400.00
Time:1644443812	n=11	avg=120.00	stddev=0.00	bps=105600.00
Time:1644443812	n=7	avg=120.00	stddev=0.00	bps=67200.00
Time:1644443812	n=0	avg=0.00	stddev=0.00	bps=0.00
Time:1644443812	n=17	avg=120.00	stddev=0.00	bps=163200.00
Time:1644443812	n=5	avg=120.00	stddev=0.00	bps=48000.00
Time:1644443812	n=20	avg=120.00	stddev=0.00	bps=192000.00
Time:1644443812	n=10	avg=120.00	stddev=0.00	bps=96000.00
Time:1644443813	n=7	avg=120.00	stddev=0.00	bps=67200.00
Time:1644443813	n=9	avg=120.00	stddev=0.00	bps=86400.00
Time:1644443813	n=12	avg=120.00	stddev=0.00	bps=115200.00
Time:1644443813	n=11	avg=120.00	stddev=0.00	bps=105600.00
Time:1644443813	n=10	avg=120.00	stddev=0.00	bps=96000.00
Time:1644443813	n=8	avg=120.00	stddev=0.00	bps=76800.00
Time:1644443813	n=13	avg=120.00	stddev=0.00	bps=124800.00
Time:1644443813	n=10	avg=120.00	stddev=0.00	bps=96000.00
Time:1644443813	n=10	avg=120.00	stddev=0.00	bps=96000.00
Time:1644443813	n=8	avg=120.00	stddev=0.00	bps=76800.00
Time:1644443814	n=12	avg=120.00	stddev=0.00	bps=115200.00
Time:1644443814	n=10	avg=120.00	stddev=0.00	bps=96000.00
Time:1644443814	n=10	avg=120.00	stddev=0.00	bps=96000.00
Time:1644443814	n=10	avg=120.00	stddev=0.00	bps=96000.00
Time:1644443814	n=7	avg=120.00	stddev=0.00	bps=67200.00
Time:1644443814	n=9	avg=120.00	stddev=0.00	bps=86400.00
Time:1644443814	n=9	avg=120.00	stddev=0.00	bps=86400.00
Time:1644443814	n=2	avg=120.00	stddev=0.00	bps=19200.00
Time:1644443814	n=16	avg=120.00	stddev=0.00	bps=153600.00
Time:1644443814	n=15	avg=120.00	stddev=0.00	bps=144000.00
Time:1644443815	n=10	avg=120.00	stddev=0.00	bps=96000.00
Time:1644443815	n=10	avg=120.00	stddev=0.00	bps=96000.00
Time:1644443815	n=3	avg=120.00	stddev=0.00	bps=28800.00
Time:1644443815	n=16	avg=120.00	stddev=0.00	bps=153600.00
Time:1644443815	n=9	avg=120.00	stddev=0.00	bps=86400.00
Time:1644443815	n=12	avg=120.00	stddev=0.00	bps=115200.00
Time:1644443815	n=10	avg=120.00	stddev=0.00	bps=96000.00
Time:1644443815	n=10	avg=120.00	stddev=0.00	bps=96000.00
Time:1644443815	n=10	avg=120.00	stddev=0.00	bps=96000.00
Time:1644443815	n=10	avg=120.00	stddev=0.00	bps=96000.00
Time:1644443816	n=9	avg=120.00	stddev=0.00	bps=86400.00
Time:1644443816	n=11	avg=120.00	stddev=0.00	bps=105600.00
Time:1644443816	n=4	avg=120.00	stddev=0.00	bps=38400.00
Time:1644443816	n=16	avg=120.00	stddev=0.00	bps=153600.00
Time:1644443816	n=10	avg=120.00	stddev=0.00	bps=96000.00
Time:1644443816	n=10	avg=120.00	stddev=0.00	bps=96000.00
Time:1644443816	n=10	avg=120.00	stddev=0.00	bps=96000.00
Time:1644443816	n=9	avg=120.00	stddev=0.00	bps=86400.00
Time:1644443816	n=10	avg=120.00	stddev=0.00	bps=96000.00
Time:1644443816	n=11	avg=120.00	stddev=0.00	bps=105600.00
Time:1644443817	n=10	avg=120.00	stddev=0.00	bps=96000.00
Time:1644443817	n=10	avg=120.00	stddev=0.00	bps=96000.00
Time:1644443817	n=9	avg=120.00	stddev=0.00	bps=86400.00
Time:1644443817	n=11	avg=120.00	stddev=0.00	bps=105600.00
Time:1644443817	n=10	avg=120.00	stddev=0.00	bps=96000.00
Time:1644443817	n=9	avg=120.00	stddev=0.00	bps=86400.00
Time:1644443817	n=10	avg=120.00	stddev=0.00	bps=96000.00
Time:1644443817	n=11	avg=120.00	stddev=0.00	bps=105600.00
Time:1644443817	n=10	avg=120.00	stddev=0.00	bps=96000.00
Time:1644443817	n=10	avg=120.00	stddev=0.00	bps=96000.00
Time:1644443818	n=10	avg=120.00	stddev=0.00	bps=96000.00
Time:1644443818	n=10	avg=120.00	stddev=0.00	bps=96000.00
Time:1644443818	n=10	avg=120.00	stddev=0.00	bps=96000.00
Time:1644443818	n=10	avg=120.00	stddev=0.00	bps=96000.00
Time:1644443818	n=9	avg=120.00	stddev=0.00	bps=86400.00
Time:1644443818	n=11	avg=120.00	stddev=0.00	bps=105600.00
Time:1644443818	n=10	avg=120.00	stddev=0.00	bps=96000.00
Time:1644443818	n=8	avg=120.00	stddev=0.00	bps=76800.00
Time:1644443818	n=8	avg=120.00	stddev=0.00	bps=76800.00
Time:1644443818	n=14	avg=120.00	stddev=0.00	bps=134400.00
Time:1644443819	n=10	avg=120.00	stddev=0.00	bps=96000.00
Time:1644443819	n=10	avg=120.00	stddev=0.00	bps=96000.00
Time:1644443819	n=10	avg=120.00	stddev=0.00	bps=96000.00
Time:1644443819	n=10	avg=120.00	stddev=0.00	bps=96000.00
Time:1644443819	n=9	avg=120.00	stddev=0.00	bps=86400.00
Time:1644443819	n=10	avg=120.00	stddev=0.00	bps=96000.00
Time:1644443819	n=5	avg=120.00	stddev=0.00	bps=48000.00
Time:1644443819	n=10	avg=120.00	stddev=0.00	bps=96000.00
Time:1644443819	n=15	avg=120.00	stddev=0.00	bps=144000.00
Time:1644443819	n=10	avg=120.00	stddev=0.00	bps=96000.00
Time:1644443820	n=2	avg=120.00	stddev=0.00	bps=19200.00
Time:1644443820	n=18	avg=120.00	stddev=0.00	bps=172800.00
Time:1644443820	n=10	avg=120.00	stddev=0.00	bps=96000.00
Time:1644443820	n=10	avg=120.00	stddev=0.00	bps=96000.00
Time:1644443820	n=10	avg=120.00	stddev=0.00	bps=96000.00
Time:1644443820	n=10	avg=120.00	stddev=0.00	bps=96000.00
Time:1644443820	n=10	avg=120.00	stddev=0.00	bps=96000.00
Time:1644443820	n=10	avg=120.00	stddev=0.00	bps=96000.00
Time:1644443820	n=9	avg=120.00	stddev=0.00	bps=86400.00
Time:1644443820	n=7	avg=120.00	stddev=0.00	bps=67200.00
Time:1644443821	n=14	avg=120.00	stddev=0.00	bps=134400.00
Time:1644443821	n=10	avg=120.00	stddev=0.00	bps=96000.00
Time:1644443821	n=9	avg=120.00	stddev=0.00	bps=86400.00
Time:1644443821	n=11	avg=120.00	stddev=0.00	bps=105600.00
Time:1644443821	n=10	avg=120.00	stddev=0.00	bps=96000.00
Time:1644443821	n=10	avg=120.00	stddev=0.00	bps=96000.00
Time:1644443821	n=10	avg=120.00	stddev=0.00	bps=96000.00
Time:1644443821	n=9	avg=120.00	stddev=0.00	bps=86400.00
Time:1644443821	n=10	avg=120.00	stddev=0.00	bps=96000.00
Time:1644443821	n=6	avg=120.00	stddev=0.00	bps=57600.00
Time:1644443822	n=14	avg=120.00	stddev=0.00	bps=134400.00
Time:1644443822	n=10	avg=120.00	stddev=0.00	bps=96000.00
Time:1644443822	n=11	avg=120.00	stddev=0.00	bps=105600.00
Time:1644443822	n=6	avg=120.00	stddev=0.00	bps=57600.00
Time:1644443822	n=14	avg=120.00	stddev=0.00	bps=134400.00
Time:1644443822	n=10	avg=120.00	stddev=0.00	bps=96000.00
Time:1644443822	n=10	avg=120.00	stddev=0.00	bps=96000.00
Time:1644443822	n=10	avg=120.00	stddev=0.00	bps=96000.00
Time:1644443822	n=10	avg=120.00	stddev=0.00	bps=96000.00
Time:1644443822	n=10	avg=120.00	stddev=0.00	bps=96000.00
Time:1644443823	n=10	avg=120.00	stddev=0.00	bps=96000.00
Time:1644443823	n=10	avg=120.00	stddev=0.00	bps=96000.00
Time:1644443823	n=10	avg=120.00	stddev=0.00	bps=96000.00
Time:1644443823	n=10	avg=120.00	stddev=0.00	bps=96000.00
Time:1644443823	n=9	avg=120.00	stddev=0.00	bps=86400.00
Time:1644443823	n=11	avg=120.00	stddev=0.00	bps=105600.00
Time:1644443823	n=8	avg=120.00	stddev=0.00	bps=76800.00
Time:1644443823	n=12	avg=120.00	stddev=0.00	bps=115200.00
Time:1644443823	n=10	avg=120.00	stddev=0.00	bps=96000.00
Time:1644443823	n=9	avg=120.00	stddev=0.00	bps=86400.00
Time:1644443824	n=10	avg=120.00	stddev=0.00	bps=96000.00
Time:1644443824	n=11	avg=120.00	stddev=0.00	bps=105600.00
Time:1644443824	n=10	avg=120.00	stddev=0.00	bps=96000.00
Time:1644443824	n=7	avg=120.00	stddev=0.00	bps=67200.00
Time:1644443824	n=13	avg=120.00	stddev=0.00	bps=124800.00
Time:1644443824	n=2	avg=120.00	stddev=0.00	bps=19200.00
Time:1644443824	n=18	avg=120.00	stddev=0.00	bps=172800.00
Time:1644443824	n=10	avg=120.00	stddev=0.00	bps=96000.00
Time:1644443824	n=10	avg=120.00	stddev=0.00	bps=96000.00
Time:1644443824	n=10	avg=120.00	stddev=0.00	bps=96000.00
Time:1644443825	n=6	avg=120.00	stddev=0.00	bps=57600.00
Time:1644443825	n=14	avg=120.00	stddev=0.00	bps=134400.00
Time:1644443825	n=9	avg=120.00	stddev=0.00	bps=86400.00
Time:1644443825	n=11	avg=120.00	stddev=0.00	bps=105600.00
Time:1644443825	n=10	avg=120.00	stddev=0.00	bps=96000.00
Time:1644443825	n=9	avg=120.00	stddev=0.00	bps=86400.00
Time:1644443825	n=11	avg=120.00	stddev=0.00	bps=105600.00
Time:1644443825	n=10	avg=120.00	stddev=0.00	bps=96000.00
Time:1644443825	n=9	avg=120.00	stddev=0.00	bps=86400.00
Time:1644443825	n=11	avg=120.00	stddev=0.00	bps=105600.00
Time:1644443826	n=10	avg=120.00	stddev=0.00	bps=96000.00
Time:1644443826	n=9	avg=120.00	stddev=0.00	bps=86400.00
Time:1644443826	n=10	avg=120.00	stddev=0.00	bps=96000.00
Time:1644443826	n=11	avg=120.00	stddev=0.00	bps=105600.00
Time:1644443826	n=10	avg=120.00	stddev=0.00	bps=96000.00
Time:1644443826	n=10	avg=120.00	stddev=0.00	bps=96000.00
Time:1644443826	n=10	avg=120.00	stddev=0.00	bps=96000.00
Time:1644443826	n=10	avg=120.00	stddev=0.00	bps=96000.00
Time:1644443826	n=10	avg=120.00	stddev=0.00	bps=96000.00
Time:1644443826	n=10	avg=120.00	stddev=0.00	bps=96000.00
Time:1644443827	n=10	avg=120.00	stddev=0.00	bps=96000.00
Time:1644443827	n=10	avg=120.00	stddev=0.00	bps=96000.00
Time:1644443827	n=10	avg=120.00	stddev=0.00	bps=96000.00
Time:1644443827	n=10	avg=120.00	stddev=0.00	bps=96000.00
Time:1644443827	n=10	avg=120.00	stddev=0.00	bps=96000.00
Time:1644443827	n=10	avg=120.00	stddev=0.00	bps=96000.00
Time:1644443827	n=10	avg=120.00	stddev=0.00	bps=96000.00
Time:1644443827	n=10	avg=120.00	stddev=0.00	bps=96000.00
Time:1644443827	n=8	avg=120.00	stddev=0.00	bps=76800.00
Time:1644443827	n=10	avg=120.00	stddev=0.00	bps=96000.00
Time:1644443828	n=12	avg=120.00	stddev=0.00	bps=115200.00
Time:1644443828	n=10	avg=120.00	stddev=0.00	bps=96000.00
Time:1644443828	n=9	avg=120.00	stddev=0.00	bps=86400.00
Time:1644443828	n=11	avg=120.00	stddev=0.00	bps=105600.00
Time:1644443828	n=10	avg=120.00	stddev=0.00	bps=96000.00
Time:1644443828	n=10	avg=120.00	stddev=0.00	bps=96000.00
Time:1644443828	n=10	avg=120.00	stddev=0.00	bps=96000.00
Time:1644443828	n=9	avg=120.00	stddev=0.00	bps=86400.00
Time:1644443828	n=11	avg=120.00	stddev=0.00	bps=105600.00
Time:1644443828	n=10	avg=120.00	stddev=0.00	bps=96000.00
Time:1644443829	n=10	avg=120.00	stddev=0.00	bps=96000.00
Time:1644443829	n=10	avg=120.00	stddev=0.00	bps=96000.00
Time:1644443829	n=10	avg=120.00	stddev=0.00	bps=96000.00
Time:1644443829	n=10	avg=120.00	stddev=0.00	bps=96000.00
Time:1644443829	n=9	avg=120.00	stddev=0.00	bps=86400.00
Time:1644443829	n=10	avg=120.00	stddev=0.00	bps=96000.00
Time:1644443829	n=11	avg=120.00	stddev=0.00	bps=105600.00
Time:1644443829	n=10	avg=120.00	stddev=0.00	bps=96000.00
Time:1644443829	n=9	avg=120.00	stddev=0.00	bps=86400.00
Time:1644443829	n=11	avg=120.00	stddev=0.00	bps=105600.00
Time:1644443830	n=10	avg=120.00	stddev=0.00	bps=96000.00
Time:1644443830	n=10	avg=120.00	stddev=0.00	bps=96000.00
Time:1644443830	n=10	avg=120.00	stddev=0.00	bps=96000.00
Time:1644443830	n=10	avg=120.00	stddev=0.00	bps=96000.00
Time:1644443830	n=9	avg=120.00	stddev=0.00	bps=86400.00
Time:1644443830	n=11	avg=120.00	stddev=0.00	bps=105600.00
Time:1644443830	n=9	avg=120.00	stddev=0.00	bps=86400.00
Time:1644443830	n=11	avg=120.00	stddev=0.00	bps=105600.00
Time:1644443830	n=10	avg=120.00	stddev=0.00	bps=96000.00
Time:1644443830	n=8	avg=120.00	stddev=0.00	bps=76800.00
Time:1644443831	n=11	avg=120.00	stddev=0.00	bps=105600.00
Time:1644443831	n=11	avg=120.00	stddev=0.00	bps=105600.00
Time:1644443831	n=10	avg=120.00	stddev=0.00	bps=96000.00
Time:1644443831	n=10	avg=120.00	stddev=0.00	bps=96000.00
Time:1644443831	n=10	avg=120.00	stddev=0.00	bps=96000.00
Time:1644443831	n=10	avg=120.00	stddev=0.00	bps=96000.00
Time:1644443831	n=10	avg=120.00	stddev=0.00	bps=96000.00
Time:1644443831	n=7	avg=120.00	stddev=0.00	bps=67200.00
Time:1644443831	n=13	avg=120.00	stddev=0.00	bps=124800.00
Time:1644443831	n=10	avg=120.00	stddev=0.00	bps=96000.00
Time:1644443832	n=10	avg=120.00	stddev=0.00	bps=96000.00
Time:1644443832	n=10	avg=120.00	stddev=0.00	bps=96000.00
Time:1644443832	n=9	avg=120.00	stddev=0.00	bps=86400.00
Time:1644443832	n=9	avg=120.00	stddev=0.00	bps=86400.00
Time:1644443832	n=11	avg=120.00	stddev=0.00	bps=105600.00
Time:1644443832	n=10	avg=120.00	stddev=0.00	bps=96000.00
Time:1644443832	n=11	avg=120.00	stddev=0.00	bps=105600.00
Time:1644443832	n=10	avg=120.00	stddev=0.00	bps=96000.00
Time:1644443832	n=10	avg=120.00	stddev=0.00	bps=96000.00
Time:1644443832	n=10	avg=120.00	stddev=0.00	bps=96000.00
Time:1644443833	n=9	avg=120.00	stddev=0.00	bps=86400.00
Time:1644443833	n=11	avg=120.00	stddev=0.00	bps=105600.00
Time:1644443833	n=10	avg=120.00	stddev=0.00	bps=96000.00
Time:1644443833	n=7	avg=120.00	stddev=0.00	bps=67200.00
Time:1644443833	n=5	avg=120.00	stddev=0.00	bps=48000.00
Time:1644443833	n=18	avg=120.00	stddev=0.00	bps=172800.00
Time:1644443833	n=8	avg=120.00	stddev=0.00	bps=76800.00
Time:1644443833	n=12	avg=120.00	stddev=0.00	bps=115200.00
Time:1644443833	n=6	avg=120.00	stddev=0.00	bps=57600.00
Time:1644443833	n=13	avg=120.00	stddev=0.00	bps=124800.00
Time:1644443834	n=10	avg=120.00	stddev=0.00	bps=96000.00
Time:1644443834	n=11	avg=120.00	stddev=0.00	bps=105600.00
Time:1644443834	n=9	avg=120.00	stddev=0.00	bps=86400.00
Time:1644443834	n=11	avg=120.00	stddev=0.00	bps=105600.00
Time:1644443834	n=9	avg=120.00	stddev=0.00	bps=86400.00
Time:1644443834	n=10	avg=120.00	stddev=0.00	bps=96000.00
Time:1644443834	n=10	avg=120.00	stddev=0.00	bps=96000.00
Time:1644443834	n=10	avg=120.00	stddev=0.00	bps=96000.00
Time:1644443834	n=5	avg=120.00	stddev=0.00	bps=48000.00
Time:1644443834	n=12	avg=120.00	stddev=0.00	bps=115200.00
Time:1644443835	n=13	avg=120.00	stddev=0.00	bps=124800.00
Time:1644443835	n=9	avg=120.00	stddev=0.00	bps=86400.00
Time:1644443835	n=11	avg=120.00	stddev=0.00	bps=105600.00
Time:1644443835	n=10	avg=120.00	stddev=0.00	bps=96000.00
Time:1644443835	n=10	avg=120.00	stddev=0.00	bps=96000.00
Time:1644443835	n=7	avg=120.00	stddev=0.00	bps=67200.00
Time:1644443835	n=13	avg=120.00	stddev=0.00	bps=124800.00
Time:1644443835	n=9	avg=120.00	stddev=0.00	bps=86400.00
Time:1644443835	n=9	avg=120.00	stddev=0.00	bps=86400.00
Time:1644443835	n=12	avg=120.00	stddev=0.00	bps=115200.00
Time:1644443836	n=10	avg=120.00	stddev=0.00	bps=96000.00
Time:1644443836	n=10	avg=120.00	stddev=0.00	bps=96000.00
Time:1644443836	n=10	avg=120.00	stddev=0.00	bps=96000.00
Time:1644443836	n=10	avg=120.00	stddev=0.00	bps=96000.00
Time:1644443836	n=10	avg=120.00	stddev=0.00	bps=96000.00
Time:1644443836	n=10	avg=120.00	stddev=0.00	bps=96000.00
Time:1644443836	n=10	avg=120.00	stddev=0.00	bps=96000.00
Time:1644443836	n=9	avg=120.00	stddev=0.00	bps=86400.00
Time:1644443836	n=1	avg=120.00	stddev=0.00	bps=9600.00
Time:1644443836	n=17	avg=120.00	stddev=0.00	bps=163200.00
Time:1644443837	n=13	avg=120.00	stddev=0.00	bps=124800.00
Time:1644443837	n=10	avg=120.00	stddev=0.00	bps=96000.00
Time:1644443837	n=0	avg=0.00	stddev=0.00	bps=0.00
Time:1644443837	n=18	avg=120.00	stddev=0.00	bps=172800.00
Time:1644443837	n=3	avg=120.00	stddev=0.00	bps=28800.00
Time:1644443837	n=17	avg=120.00	stddev=0.00	bps=163200.00
Time:1644443837	n=10	avg=120.00	stddev=0.00	bps=96000.00
Time:1644443837	n=12	avg=120.00	stddev=0.00	bps=115200.00
Time:1644443837	n=10	avg=120.00	stddev=0.00	bps=96000.00
Time:1644443837	n=9	avg=120.00	stddev=0.00	bps=86400.00
Time:1644443838	n=11	avg=120.00	stddev=0.00	bps=105600.00
Time:1644443838	n=10	avg=120.00	stddev=0.00	bps=96000.00
Time:1644443838	n=10	avg=120.00	stddev=0.00	bps=96000.00
Time:1644443838	n=9	avg=120.00	stddev=0.00	bps=86400.00
Time:1644443838	n=11	avg=120.00	stddev=0.00	bps=105600.00
Time:1644443838	n=9	avg=120.00	stddev=0.00	bps=86400.00
Time:1644443838	n=11	avg=120.00	stddev=0.00	bps=105600.00
Time:1644443838	n=10	avg=120.00	stddev=0.00	bps=96000.00
Time:1644443838	n=8	avg=120.00	stddev=0.00	bps=76800.00
Time:1644443838	n=11	avg=120.00	stddev=0.00	bps=105600.00
Time:1644443839	n=10	avg=120.00	stddev=0.00	bps=96000.00
Time:1644443839	n=9	avg=120.00	stddev=0.00	bps=86400.00
Time:1644443839	n=0	avg=0.00	stddev=0.00	bps=0.00
Time:1644443839	n=0	avg=0.00	stddev=0.00	bps=0.00
Time:1644443839	n=22	avg=120.00	stddev=0.00	bps=211200.00
Time:1644443839	n=20	avg=120.00	stddev=0.00	bps=192000.00
Time:1644443839	n=10	avg=120.00	stddev=0.00	bps=96000.00
Time:1644443839	n=10	avg=120.00	stddev=0.00	bps=96000.00
Time:1644443839	n=10	avg=120.00	stddev=0.00	bps=96000.00
Time:1644443839	n=10	avg=120.00	stddev=0.00	bps=96000.00
Time:1644443840	n=10	avg=120.00	stddev=0.00	bps=96000.00
Time:1644443840	n=10	avg=120.00	stddev=0.00	bps=96000.00
Time:1644443840	n=9	avg=120.00	stddev=0.00	bps=86400.00
Time:1644443840	n=11	avg=120.00	stddev=0.00	bps=105600.00
Time:1644443840	n=9	avg=120.00	stddev=0.00	bps=86400.00
Time:1644443840	n=11	avg=120.00	stddev=0.00	bps=105600.00
Time:1644443840	n=10	avg=120.00	stddev=0.00	bps=96000.00
Time:1644443840	n=6	avg=120.00	stddev=0.00	bps=57600.00
Time:1644443840	n=12	avg=120.00	stddev=0.00	bps=115200.00
Time:1644443840	n=10	avg=120.00	stddev=0.00	bps=96000.00
Time:1644443841	n=11	avg=120.00	stddev=0.00	bps=105600.00
Time:1644443841	n=11	avg=120.00	stddev=0.00	bps=105600.00
Time:1644443841	n=10	avg=120.00	stddev=0.00	bps=96000.00
Time:1644443841	n=10	avg=120.00	stddev=0.00	bps=96000.00
Time:1644443841	n=10	avg=120.00	stddev=0.00	bps=96000.00
Time:1644443841	n=10	avg=120.00	stddev=0.00	bps=96000.00
Time:1644443841	n=9	avg=120.00	stddev=0.00	bps=86400.00
Time:1644443841	n=11	avg=120.00	stddev=0.00	bps=105600.00
Time:1644443841	n=10	avg=120.00	stddev=0.00	bps=96000.00
Time:1644443841	n=10	avg=120.00	stddev=0.00	bps=96000.00
Time:1644443842	n=10	avg=120.00	stddev=0.00	bps=96000.00
Time:1644443842	n=10	avg=120.00	stddev=0.00	bps=96000.00
Time:1644443842	n=3	avg=120.00	stddev=0.00	bps=28800.00
Time:1644443842	n=14	avg=120.00	stddev=0.00	bps=134400.00
Time:1644443842	n=13	avg=120.00	stddev=0.00	bps=124800.00
Time:1644443842	n=9	avg=120.00	stddev=0.00	bps=86400.00
Time:1644443842	n=11	avg=120.00	stddev=0.00	bps=105600.00
Time:1644443842	n=10	avg=120.00	stddev=0.00	bps=96000.00
Time:1644443842	n=3	avg=120.00	stddev=0.00	bps=28800.00
Time:1644443842	n=11	avg=120.00	stddev=0.00	bps=105600.00
Time:1644443843	n=14	avg=120.00	stddev=0.00	bps=134400.00
Time:1644443843	n=11	avg=120.00	stddev=0.00	bps=105600.00
Time:1644443843	n=1	avg=120.00	stddev=0.00	bps=9600.00
Time:1644443843	n=19	avg=120.00	stddev=0.00	bps=182400.00
Time:1644443843	n=8	avg=120.00	stddev=0.00	bps=76800.00
Time:1644443843	n=12	avg=120.00	stddev=0.00	bps=115200.00
Time:1644443843	n=9	avg=120.00	stddev=0.00	bps=86400.00
Time:1644443843	n=11	avg=120.00	stddev=0.00	bps=105600.00
Time:1644443843	n=10	avg=120.00	stddev=0.00	bps=96000.00
Time:1644443843	n=10	avg=120.00	stddev=0.00	bps=96000.00
Time:1644443844	n=10	avg=120.00	stddev=0.00	bps=96000.00
Time:1644443844	n=10	avg=120.00	stddev=0.00	bps=96000.00
Time:1644443844	n=10	avg=120.00	stddev=0.00	bps=96000.00
Time:1644443844	n=7	avg=120.00	stddev=0.00	bps=67200.00
Time:1644443844	n=13	avg=120.00	stddev=0.00	bps=124800.00
Time:1644443844	n=9	avg=120.00	stddev=0.00	bps=86400.00
Time:1644443844	n=11	avg=120.00	stddev=0.00	bps=105600.00
Time:1644443844	n=10	avg=120.00	stddev=0.00	bps=96000.00
Time:1644443844	n=7	avg=120.00	stddev=0.00	bps=67200.00
Time:1644443844	n=6	avg=120.00	stddev=0.00	bps=57600.00
Time:1644443845	n=16	avg=120.00	stddev=0.00	bps=153600.00
Time:1644443845	n=10	avg=120.00	stddev=0.00	bps=96000.00
Time:1644443845	n=11	avg=120.00	stddev=0.00	bps=105600.00
Time:1644443845	n=9	avg=120.00	stddev=0.00	bps=86400.00
Time:1644443845	n=11	avg=120.00	stddev=0.00	bps=105600.00
Time:1644443845	n=10	avg=120.00	stddev=0.00	bps=96000.00
Time:1644443845	n=10	avg=120.00	stddev=0.00	bps=96000.00
Time:1644443845	n=10	avg=120.00	stddev=0.00	bps=96000.00
Time:1644443845	n=10	avg=120.00	stddev=0.00	bps=96000.00
Time:1644443845	n=10	avg=120.00	stddev=0.00	bps=96000.00
Time:1644443846	n=10	avg=120.00	stddev=0.00	bps=96000.00
Time:1644443846	n=10	avg=120.00	stddev=0.00	bps=96000.00
Time:1644443846	n=8	avg=120.00	stddev=0.00	bps=76800.00
Time:1644443846	n=12	avg=120.00	stddev=0.00	bps=115200.00
Time:1644443846	n=10	avg=120.00	stddev=0.00	bps=96000.00
Time:1644443846	n=10	avg=120.00	stddev=0.00	bps=96000.00
Time:1644443846	n=10	avg=120.00	stddev=0.00	bps=96000.00
Time:1644443846	n=10	avg=120.00	stddev=0.00	bps=96000.00
Time:1644443846	n=10	avg=120.00	stddev=0.00	bps=96000.00
Time:1644443846	n=10	avg=120.00	stddev=0.00	bps=96000.00
Time:1644443847	n=10	avg=120.00	stddev=0.00	bps=96000.00
Time:1644443847	n=10	avg=120.00	stddev=0.00	bps=96000.00
Time:1644443847	n=6	avg=120.00	stddev=0.00	bps=57600.00
Time:1644443847	n=14	avg=120.00	stddev=0.00	bps=134400.00
Time:1644443847	n=9	avg=120.00	stddev=0.00	bps=86400.00
Time:1644443847	n=9	avg=120.00	stddev=0.00	bps=86400.00
Time:1644443847	n=12	avg=120.00	stddev=0.00	bps=115200.00
Time:1644443847	n=7	avg=120.00	stddev=0.00	bps=67200.00
Time:1644443847	n=13	avg=120.00	stddev=0.00	bps=124800.00
Time:1644443847	n=10	avg=120.00	stddev=0.00	bps=96000.00
Time:1644443848	n=10	avg=120.00	stddev=0.00	bps=96000.00
Time:1644443848	n=10	avg=120.00	stddev=0.00	bps=96000.00
Time:1644443848	n=10	avg=120.00	stddev=0.00	bps=96000.00
Time:1644443848	n=10	avg=120.00	stddev=0.00	bps=96000.00
Time:1644443848	n=10	avg=120.00	stddev=0.00	bps=96000.00
Time:1644443848	n=7	avg=120.00	stddev=0.00	bps=67200.00
Time:1644443848	n=13	avg=120.00	stddev=0.00	bps=124800.00
Time:1644443848	n=10	avg=120.00	stddev=0.00	bps=96000.00
Time:1644443848	n=10	avg=120.00	stddev=0.00	bps=96000.00
Time:1644443848	n=9	avg=120.00	stddev=0.00	bps=86400.00
Time:1644443849	n=10	avg=120.00	stddev=0.00	bps=96000.00
Time:1644443849	n=8	avg=120.00	stddev=0.00	bps=76800.00
Time:1644443849	n=11	avg=120.00	stddev=0.00	bps=105600.00
Time:1644443849	n=5	avg=120.00	stddev=0.00	bps=48000.00
Time:1644443849	n=10	avg=120.00	stddev=0.00	bps=96000.00
Time:1644443849	n=15	avg=120.00	stddev=0.00	bps=144000.00
Time:1644443849	n=11	avg=120.00	stddev=0.00	bps=105600.00
Time:1644443849	n=9	avg=120.00	stddev=0.00	bps=86400.00
Time:1644443849	n=11	avg=120.00	stddev=0.00	bps=105600.00
Time:1644443849	n=10	avg=120.00	stddev=0.00	bps=96000.00
Time:1644443850	n=10	avg=120.00	stddev=0.00	bps=96000.00
Time:1644443850	n=10	avg=120.00	stddev=0.00	bps=96000.00
Time:1644443850	n=10	avg=120.00	stddev=0.00	bps=96000.00
Time:1644443850	n=3	avg=120.00	stddev=0.00	bps=28800.00
